TranID,Time,Price,Volume,SaleOrderVolume,BuyOrderVolume,Type,SaleOrderID,SaleOrderPrice,BuyOrderID,BuyOrderPrice
144793,09:25:00,7.53,200,200,200,B,59920,7.53,83169,7.53
170479,09:30:00,7.55,2000,4600,2000,B,91488,7.55,170478,7.55
225974,09:30:01,7.55,2400,4600,2400,B,91488,7.55,225973,7.55
294831,09:30:11,7.55,200,4600,200,B,91488,7.55,294830,7.55
296592,09:30:12,7.57,100,1900,100,B,224751,7.57,296591,7.57
297586,09:30:12,7.57,100,1900,100,B,224751,7.57,297585,7.57
308194,09:30:19,7.56,2700,2700,2700,B,301017,7.56,308193,7.56
323386,09:30:27,7.57,600,1900,600,B,224751,7.57,323385,7.57
325808,09:30:29,7.55,700,2300,700,S,325807,7.55,301304,7.55
337384,09:30:36,7.55,100,2300,100,B,325807,7.55,337383,7.55
337704,09:30:36,7.55,100,2300,100,B,325807,7.55,337703,7.55
352542,09:30:44,7.55,1400,2300,10300,B,325807,7.55,352541,7.56
366569,09:30:52,7.56,8900,12600,10300,S,366568,7.56,352541,7.56
372820,09:30:56,7.56,2100,12600,2100,B,366568,7.56,372819,7.56
385010,09:31:03,7.56,1600,12600,2200,B,366568,7.56,385009,7.56
387203,09:31:04,7.56,600,1100,2200,S,387202,7.56,385009,7.56
414664,09:31:20,7.56,500,1100,6600,B,387202,7.56,414663,7.57
414665,09:31:20,7.56,700,700,6600,B,403931,7.56,414663,7.57
414666,09:31:20,7.56,400,400,6600,B,408415,7.56,414663,7.57
414667,09:31:20,7.56,600,600,6600,B,408835,7.56,414663,7.57
414668,09:31:20,7.57,1100,1900,6600,B,224751,7.57,414663,7.57
414669,09:31:20,7.57,3000,3000,6600,B,272227,7.57,414663,7.57
414670,09:31:20,7.57,300,1600,6600,B,341854,7.57,414663,7.57
419459,09:31:23,7.57,1300,1600,10000,B,341854,7.57,419458,7.57
429102,09:31:28,7.57,2200,2200,10000,S,429101,7.57,419458,7.57
439209,09:31:34,7.57,100,100,10000,S,439208,7.57,419458,7.57
444142,09:31:36,7.58,1600,2000,1600,B,10071,7.58,444141,7.58
450497,09:31:40,7.57,300,300,10000,S,450496,7.57,419458,7.57
473225,09:31:52,7.57,100,100,10000,S,473224,7.57,419458,7.57
476413,09:31:54,7.57,5000,5000,10000,S,476412,7.57,419458,7.57
481945,09:31:57,7.57,1000,5000,10000,S,481944,7.57,419458,7.57
481946,09:31:57,7.57,1000,5000,1000,S,481944,7.57,465167,7.57
535319,09:32:27,7.54,1000,3900,1000,S,535318,7.54,351355,7.54
644020,09:33:31,7.54,500,3900,500,B,535318,7.54,644019,7.54
662230,09:33:44,7.54,2400,3900,3000,B,535318,7.54,662229,7.54
662231,09:33:44,7.54,600,5900,3000,B,536277,7.54,662229,7.54
664944,09:33:45,7.53,2200,2400,2200,B,663992,7.53,664943,7.53
665572,09:33:46,7.53,200,2400,5000,B,663992,7.53,665571,7.54
665573,09:33:46,7.54,4800,5900,5000,B,536277,7.54,665571,7.54
702252,09:34:09,7.54,500,5900,500,B,536277,7.54,702251,7.54
703641,09:34:10,7.52,100,100,1500,S,703640,7.52,641601,7.52
719974,09:34:22,7.52,1400,2700,1500,S,719973,7.52,641601,7.52
724304,09:34:26,7.52,1300,2700,1300,B,719973,7.52,724303,7.52
778574,09:35:05,7.52,200,2200,200,S,778573,7.52,754405,7.52
778575,09:35:05,7.52,300,2200,300,S,778573,7.52,761036,7.52
793987,09:35:14,7.52,1500,2200,1500,B,778573,7.52,793986,7.52
794533,09:35:15,7.52,200,2200,200,B,778573,7.52,794532,7.52
833150,09:35:39,7.52,3000,3000,3000,S,833149,7.52,801140,7.52
839659,09:35:44,7.53,900,6000,900,B,796374,7.53,839658,7.53
860933,09:35:59,7.51,800,5100,800,S,860932,7.51,178256,7.51
860934,09:35:59,7.51,1000,5100,1000,S,860932,7.51,603782,7.51
860935,09:35:59,7.51,1800,5100,1800,S,860932,7.51,694049,7.51
860936,09:35:59,7.51,1500,5100,1500,S,860932,7.51,758849,7.51
881771,09:36:13,7.51,2600,2600,2600,S,881770,7.51,869762,7.51
914255,09:36:38,7.5,10000,10000,10000,S,914254,7.5,91376,7.5
929686,09:36:50,7.5,100,100,1900,S,929685,7.5,457783,7.5
931161,09:36:51,7.5,1800,3800,1900,S,931160,7.5,457783,7.5
931162,09:36:51,7.5,1000,3800,1000,S,931160,7.5,852616,7.5
941581,09:36:59,7.5,900,3800,900,B,931160,7.5,941580,7.5
957718,09:37:12,7.49,900,900,1000,S,957717,7.49,268406,7.49
973933,09:37:25,7.5,100,3800,800,B,931160,7.5,973932,7.5
973934,09:37:25,7.5,700,1000,800,B,935509,7.5,973932,7.5
983172,09:37:32,7.5,300,1000,1000,B,935509,7.5,983171,7.5
1001725,09:37:47,7.5,100,100,1000,S,1001724,7.5,983171,7.5
1008406,09:37:53,7.5,600,5000,1000,S,1008405,7.49,983171,7.5
1008407,09:37:53,7.49,100,5000,1000,S,1008405,7.49,268406,7.49
1008408,09:37:53,7.49,2000,5000,2000,S,1008405,7.49,678353,7.49
1008416,09:37:53,7.49,2300,5000,2300,B,1008405,7.49,1008415,7.49
1033798,09:38:12,7.51,1700,1700,10000,B,1028948,7.51,1033797,7.53
1033799,09:38:12,7.52,800,800,10000,B,862090,7.52,1033797,7.53
1033800,09:38:12,7.52,100,100,10000,B,884825,7.52,1033797,7.53
1033801,09:38:12,7.52,3600,3600,10000,B,899723,7.52,1033797,7.53
1033802,09:38:12,7.53,3800,6000,10000,B,796374,7.53,1033797,7.53
1123381,09:39:19,7.52,4700,4700,4700,B,1085805,7.52,1123380,7.52
1132368,09:39:27,7.53,1300,6000,24500,B,796374,7.53,1132367,7.53
1132369,09:39:27,7.53,23200,31500,24500,B,859558,7.53,1132367,7.53
1143582,09:39:37,7.53,4300,31500,4300,B,859558,7.53,1143581,7.53
1149440,09:39:42,7.53,4000,31500,10800,B,859558,7.53,1149439,7.53
1149441,09:39:42,7.53,2100,2100,10800,B,867204,7.53,1149439,7.53
1167407,09:39:59,7.53,700,700,10800,S,1167406,7.53,1149439,7.53
1174240,09:40:05,7.53,4000,4000,10800,S,1174239,7.53,1149439,7.53
1179450,09:40:10,7.54,2200,2200,3700,B,1158282,7.54,1179449,7.54
1185373,09:40:15,7.54,100,100,3700,S,1185372,7.54,1179449,7.54
1187764,09:40:18,7.54,1400,2400,3700,S,1187763,7.54,1179449,7.54
1187765,09:40:18,7.54,1000,2400,1100,S,1187763,7.54,1183748,7.54
1187777,09:40:18,7.55,3000,3000,5800,B,1084454,7.55,1187776,7.55
1189131,09:40:19,7.55,2800,2900,5800,S,1189130,7.54,1187776,7.55
1189132,09:40:19,7.54,100,2900,1100,S,1189130,7.54,1183748,7.54
1233067,09:41:02,7.55,8100,14500,8100,S,1233066,7.55,1189719,7.55
1233068,09:41:02,7.55,2000,14500,2000,S,1233066,7.55,1189938,7.55
1233069,09:41:02,7.55,1000,14500,1000,S,1233066,7.55,1218260,7.55
1249183,09:41:18,7.55,3400,14500,10000,B,1233066,7.55,1249182,7.55
1285459,09:41:53,7.55,100,100,10000,S,1285458,7.55,1249182,7.55
1295390,09:42:03,7.56,5000,5000,17500,B,1245660,7.56,1295389,7.56
1299911,09:42:07,7.56,6000,6000,17500,S,1299910,7.56,1295389,7.56
1301667,09:42:09,7.56,2100,2100,17500,S,1301666,7.56,1295389,7.56
1301669,09:42:09,7.56,2100,2100,17500,S,1301668,7.56,1295389,7.56
1326423,09:42:34,7.57,3000,5000,10000,B,481944,7.57,1326422,7.57
1326424,09:42:34,7.57,1000,1000,10000,B,496673,7.57,1326422,7.57
1326425,09:42:34,7.57,1300,1300,10000,B,659190,7.57,1326422,7.57
1326426,09:42:34,7.57,300,300,10000,B,1026907,7.57,1326422,7.57
1326427,09:42:34,7.57,700,700,10000,B,1232019,7.57,1326422,7.57
1326428,09:42:34,7.57,3700,6000,10000,B,1305250,7.57,1326422,7.57
1331986,09:42:39,7.57,2300,6000,10000,B,1305250,7.57,1331985,7.57
1345416,09:42:52,7.58,400,2000,1000,B,10071,7.58,1345415,7.58
1345417,09:42:52,7.58,600,1000,1000,B,38902,7.58,1345415,7.58
1350940,09:42:58,7.57,800,800,10000,S,1350939,7.57,1331985,7.57
1353554,09:43:00,7.57,3700,3700,10000,S,1353553,7.57,1331985,7.57
1355441,09:43:02,7.58,400,1000,1700,B,38902,7.58,1355440,7.58
1355442,09:43:02,7.58,700,700,1700,B,95683,7.58,1355440,7.58
1355443,09:43:02,7.58,600,1000,1700,B,620986,7.58,1355440,7.58
1358768,09:43:06,7.57,3200,10000,10000,S,1358767,7.57,1331985,7.57
1358769,09:43:06,7.57,1300,10000,1300,S,1358767,7.57,1334844,7.57
1386263,09:43:33,7.57,700,10000,700,B,1358767,7.57,1386262,7.57
1386343,09:43:33,7.57,4800,10000,6400,B,1358767,7.57,1386342,7.57
1396745,09:43:44,7.57,500,500,6400,S,1396744,7.57,1386342,7.57
1434997,09:44:22,7.58,400,1000,50000,B,620986,7.58,1434996,7.58
1434998,09:44:22,7.58,2000,2000,50000,B,1273308,7.58,1434996,7.58
1434999,09:44:22,7.58,800,800,50000,B,1312556,7.58,1434996,7.58
1435000,09:44:22,7.58,1000,1000,50000,B,1413460,7.58,1434996,7.58
1435007,09:44:22,7.59,400,400,9200,B,100326,7.59,1435006,7.59
1435008,09:44:22,7.59,5000,5000,9200,B,102827,7.59,1435006,7.59
1435009,09:44:22,7.59,300,300,9200,B,473796,7.59,1435006,7.59
1435010,09:44:22,7.59,1200,1200,9200,B,1334811,7.59,1435006,7.59
1436408,09:44:24,7.6,500,3000,500,B,197363,7.6,1436407,7.6
1436410,09:44:24,7.6,500,3000,500,B,197363,7.6,1436409,7.6
1436412,09:44:24,7.6,500,3000,500,B,197363,7.6,1436411,7.6
1436414,09:44:24,7.6,500,3000,500,B,197363,7.6,1436413,7.6
1436416,09:44:24,7.6,1000,3000,2300,B,197363,7.6,1436415,7.6
1436417,09:44:24,7.6,1000,1000,2300,B,574459,7.6,1436415,7.6
1436419,09:44:24,7.6,300,300,2300,B,851304,7.6,1436415,7.6
1437790,09:44:25,7.59,2300,94610,9200,S,1437789,7.57,1435006,7.59
1437791,09:44:25,7.58,45800,94610,50000,S,1437789,7.57,1434996,7.58
1437792,09:44:25,7.57,1100,94610,6400,S,1437789,7.57,1386342,7.57
1437793,09:44:25,7.57,36000,94610,36000,S,1437789,7.57,1408461,7.57
1437794,09:44:25,7.57,700,94610,700,S,1437789,7.57,1414408,7.57
1437979,09:44:25,7.57,1500,94610,1500,B,1437789,7.57,1437978,7.57
1439854,09:44:27,7.56,2300,2300,17500,S,1439853,7.56,1295389,7.56
1439878,09:44:27,7.57,500,94610,500,B,1437789,7.57,1439877,7.57
1439880,09:44:27,7.57,500,94610,500,B,1437789,7.57,1439879,7.57
1439882,09:44:27,7.57,500,94610,500,B,1437789,7.57,1439881,7.57
1439884,09:44:27,7.57,500,94610,500,B,1437789,7.57,1439883,7.57
1439886,09:44:27,7.57,5200,94610,5200,B,1437789,7.57,1439885,7.57
1439888,09:44:27,7.57,10,94610,10,B,1437789,7.57,1439887,7.57
1461951,09:44:48,7.6,1500,1500,1700,S,1461950,7.6,1442545,7.6
1463110,09:44:48,7.6,200,200,1700,S,1463109,7.6,1442545,7.6
1465156,09:44:51,7.56,5000,5000,50000,S,1465155,7.56,1462762,7.56
1476513,09:45:02,7.6,100,100,15500,S,1476512,7.6,1465875,7.6
1494895,09:45:21,7.6,2000,2000,15500,S,1494894,7.6,1465875,7.6
1510507,09:45:38,7.61,2300,2300,5000,B,1471639,7.61,1510506,7.61
1510508,09:45:38,7.61,1700,1700,5000,B,1498731,7.61,1510506,7.61
1530936,09:46:01,7.61,400,400,5000,S,1530935,7.61,1510506,7.61
1532143,09:46:03,7.62,600,2000,600,B,534849,7.62,1532142,7.62
1550808,09:46:23,7.61,600,5000,5000,S,1550807,7.61,1510506,7.61
1553424,09:46:26,7.61,1100,5000,1100,B,1550807,7.61,1553423,7.61
1564424,09:46:38,7.61,3300,5000,10000,B,1550807,7.61,1564423,7.63
1564425,09:46:38,7.62,1400,2000,10000,B,534849,7.62,1564423,7.63
1564426,09:46:38,7.62,500,500,10000,B,1504190,7.62,1564423,7.63
1564427,09:46:38,7.63,800,800,10000,B,1513424,7.63,1564423,7.63
1564428,09:46:38,7.63,500,500,10000,B,1523189,7.63,1564423,7.63
1564429,09:46:38,7.63,1000,1000,10000,B,1527768,7.63,1564423,7.63
1564430,09:46:38,7.63,900,900,10000,B,1539777,7.63,1564423,7.63
1564431,09:46:38,7.63,1100,1100,10000,B,1553215,7.63,1564423,7.63
1564432,09:46:38,7.63,500,3800,10000,B,1560458,7.63,1564423,7.63
1572464,09:46:47,7.63,3000,3800,3000,B,1560458,7.63,1572463,7.63
1581661,09:46:57,7.63,300,3800,10000,B,1560458,7.63,1581660,7.64
1581662,09:46:57,7.63,1000,1000,10000,B,1561796,7.63,1581660,7.64
1581663,09:46:57,7.63,700,700,10000,B,1570950,7.63,1581660,7.64
1581664,09:46:57,7.63,500,500,10000,B,1573264,7.63,1581660,7.64
1581665,09:46:57,7.63,200,200,10000,B,1573626,7.63,1581660,7.64
1581666,09:46:57,7.64,1700,1700,10000,B,1464456,7.64,1581660,7.64
1581667,09:46:57,7.64,2000,2000,10000,B,1466797,7.64,1581660,7.64
1581668,09:46:57,7.64,3600,3800,10000,B,1486750,7.64,1581660,7.64
1582039,09:46:58,7.64,200,3800,200,B,1486750,7.64,1582038,7.64
1600612,09:47:19,7.62,2200,2200,4100,B,1597267,7.62,1600611,7.62
1600613,09:47:19,7.62,1900,2300,4100,B,1597272,7.62,1600611,7.62
1605542,09:47:25,7.62,400,2300,2800,B,1597272,7.62,1605541,7.63
1605543,09:47:25,7.63,2400,2400,2800,B,1583969,7.63,1605541,7.63
1614360,09:47:33,7.62,2000,2000,2000,B,1607236,7.62,1614359,7.62
1623555,09:47:43,7.61,200,200,1000,S,1623554,7.61,1584138,7.61
1625101,09:47:45,7.61,500,500,1000,S,1625100,7.61,1584138,7.61
1627155,09:47:47,7.61,300,1300,1000,S,1627154,7.61,1584138,7.61
1645833,09:48:07,7.6,3000,3000,15500,S,1645832,7.6,1465875,7.6
1648115,09:48:09,7.6,2300,2300,15500,S,1648114,7.6,1465875,7.6
1651000,09:48:13,7.6,1000,1000,15500,S,1650999,7.6,1465875,7.6
1656702,09:48:20,7.61,1000,1300,1000,B,1627154,7.61,1656701,7.61
1658405,09:48:22,7.6,3000,3000,15500,S,1658404,7.6,1465875,7.6
1661370,09:48:25,7.6,100,100,15500,S,1661369,7.6,1465875,7.6
1667657,09:48:33,7.6,3000,3000,15500,S,1667656,7.6,1465875,7.6
1673239,09:48:40,7.6,1000,1000,15500,S,1673238,7.6,1465875,7.6
1676718,09:48:45,7.6,600,5900,600,S,1676717,7.6,1644971,7.6
1676719,09:48:45,7.6,3800,5900,3800,S,1676717,7.6,1658195,7.6
1692566,09:49:06,7.59,1500,1500,20000,S,1692565,7.59,1560272,7.59
1697726,09:49:13,7.6,1300,5900,1300,B,1676717,7.6,1697725,7.6
1725558,09:49:51,7.59,300,300,20000,S,1725557,7.59,1560272,7.59
1729724,09:49:56,7.6,100,5900,100,B,1676717,7.6,1729723,7.6
1730969,09:49:58,7.59,8200,8200,20000,S,1730968,7.59,1560272,7.59
1741359,09:50:11,7.59,10000,20200,20000,S,1741358,7.59,1560272,7.59
1741360,09:50:11,7.59,1000,20200,1000,S,1741358,7.59,1723671,7.59
1761592,09:50:36,7.59,1000,20200,1000,B,1741358,7.59,1761591,7.59
1776067,09:50:56,7.58,200,200,37800,S,1776066,7.58,1516424,7.58
1782089,09:51:03,7.59,4000,20200,4000,B,1741358,7.59,1782088,7.59
1793364,09:51:17,7.59,4200,20200,6700,B,1741358,7.59,1793363,7.59
1839394,09:52:15,7.59,2300,2300,6700,S,1839393,7.59,1793363,7.59
1839561,09:52:15,7.6,100,5900,100,B,1676717,7.6,1839560,7.6
1852798,09:52:30,7.59,200,7500,6700,S,1852797,7.59,1793363,7.59
1852799,09:52:30,7.59,500,7500,500,S,1852797,7.59,1813309,7.59
1852800,09:52:30,7.59,500,7500,500,S,1852797,7.59,1838070,7.59
1858583,09:52:37,7.59,1000,7500,1000,B,1852797,7.59,1858582,7.59
1860817,09:52:39,7.58,200,200,37800,S,1860816,7.58,1516424,7.58
1865548,09:52:44,7.59,5300,7500,10000,B,1852797,7.59,1865547,7.59
1866557,09:52:45,7.59,200,200,10000,S,1866556,7.59,1865547,7.59
1876740,09:52:57,7.59,4500,20500,10000,S,1876739,7.59,1865547,7.59
1876741,09:52:57,7.59,10200,20500,10200,S,1876739,7.59,1868219,7.59
1887531,09:53:08,7.59,5000,20500,5000,B,1876739,7.59,1887530,7.59
1892531,09:53:14,7.59,800,20500,20000,B,1876739,7.59,1892530,7.59
1892532,09:53:14,7.59,13700,13700,20000,B,1887542,7.59,1892530,7.59
1931953,09:54:02,7.59,500,500,20000,S,1931952,7.59,1892530,7.59
1945498,09:54:19,7.59,500,500,20000,S,1945497,7.59,1892530,7.59
1952775,09:54:28,7.59,1500,1500,20000,S,1952774,7.59,1892530,7.59
1953325,09:54:28,7.59,3000,9000,20000,S,1953324,7.59,1892530,7.59
1953326,09:54:28,7.59,5000,9000,5000,S,1953324,7.59,1900628,7.59
1953327,09:54:28,7.59,100,9000,100,S,1953324,7.59,1916711,7.59
1980304,09:55:02,7.58,5700,5700,37800,S,1980303,7.58,1516424,7.58
1987249,09:55:11,7.58,17200,17200,37800,S,1987248,7.58,1516424,7.58
1993855,09:55:19,7.58,3100,3100,37800,S,1993854,7.58,1516424,7.58
1994477,09:55:20,7.58,8000,8000,37800,S,1994476,7.58,1516424,7.58
2001657,09:55:29,7.58,3400,5000,37800,S,2001656,7.58,1516424,7.58
2001658,09:55:29,7.58,1600,5000,5000,S,2001656,7.58,1588504,7.58
2003396,09:55:31,7.58,3400,9400,5000,S,2003395,7.58,1588504,7.58
2003397,09:55:31,7.58,6000,9400,6000,S,2003395,7.58,1764808,7.58
2034894,09:56:12,7.58,2000,2000,10000,B,2005773,7.58,2034893,7.58
2034895,09:56:12,7.58,1900,1900,10000,B,2032914,7.58,2034893,7.58
2045557,09:56:26,7.58,2000,2000,10000,S,2045556,7.58,2034893,7.58
2111008,09:57:49,7.58,200,200,10000,S,2111007,7.58,2034893,7.58
2114153,09:57:53,7.59,900,9000,1000,B,1953324,7.59,2114152,7.59
2114154,09:57:53,7.59,100,1100,1000,B,1970946,7.59,2114152,7.59
2115949,09:57:55,7.59,900,1100,900,B,1970946,7.59,2115948,7.59
2124361,09:58:05,7.58,100,100,10000,S,2124360,7.58,2034893,7.58
2135286,09:58:19,7.58,2300,2300,10000,S,2135285,7.58,2034893,7.58
2136031,09:58:20,7.58,1500,4300,10000,S,2136030,7.58,2034893,7.58
2136032,09:58:20,7.58,2000,4300,2000,S,2136030,7.58,2057501,7.58
2136033,09:58:20,7.58,800,4300,800,S,2136030,7.58,2072987,7.58
2152281,09:58:40,7.59,100,1100,100,B,1970946,7.59,2152280,7.59
2182311,09:59:18,7.58,700,700,10200,S,2182310,7.58,2152288,7.58
2188709,09:59:26,7.58,100,100,10200,S,2188708,7.58,2152288,7.58
2198002,09:59:37,7.58,1700,1700,10200,S,2198001,7.58,2152288,7.58
2201737,09:59:43,7.58,200,200,10200,S,2201736,7.58,2152288,7.58
2202243,09:59:43,7.58,7500,7500,10200,S,2202242,7.58,2152288,7.58
2238173,10:00:28,7.57,1000,1000,20000,S,2238172,7.57,1490300,7.57
2278465,10:01:18,7.57,4400,4400,20000,S,2278464,7.57,1490300,7.57
2291897,10:01:35,7.57,9491,9491,20000,S,2291896,7.57,1490300,7.57
2329531,10:02:25,7.57,400,400,20000,S,2329530,7.57,1490300,7.57
2354918,10:02:58,7.57,4709,7800,20000,S,2354917,7.57,1490300,7.57
2354919,10:02:58,7.57,3091,7800,30000,S,2354917,7.57,1761191,7.57
2374615,10:03:23,7.57,3000,3000,30000,S,2374614,7.57,1761191,7.57
2450039,10:04:59,7.57,200,200,30000,S,2450038,7.57,1761191,7.57
2452891,10:05:02,7.57,200,200,30000,S,2452890,7.57,1761191,7.57
2486702,10:05:48,7.57,200,200,30000,S,2486701,7.57,1761191,7.57
2492873,10:05:57,7.57,100,100,30000,S,2492872,7.57,1761191,7.57
2545803,10:07:09,7.58,100,100,100,B,2217366,7.58,2545802,7.58
2546564,10:07:09,7.57,8900,8900,30000,S,2546563,7.57,1761191,7.57
2570172,10:07:40,7.57,500,500,30000,S,2570171,7.57,1761191,7.57
2582906,10:07:56,7.57,5000,5000,30000,S,2582905,7.57,1761191,7.57
2583963,10:07:57,7.57,7800,7800,30000,S,2583962,7.57,1761191,7.57
2597591,10:08:14,7.57,1009,1100,30000,S,2597590,7.57,1761191,7.57
2597592,10:08:14,7.57,91,1100,1500,S,2597590,7.57,2138091,7.57
2600208,10:08:17,7.57,100,100,1500,S,2600207,7.57,2138091,7.57
2603664,10:08:21,7.57,1309,3809,1500,S,2603663,7.57,2138091,7.57
2603665,10:08:21,7.57,1300,3809,1300,S,2603663,7.57,2411953,7.57
2603666,10:08:21,7.57,600,3809,600,S,2603663,7.57,2550296,7.57
2603667,10:08:21,7.57,600,3809,600,S,2603663,7.57,2587492,7.57
2659693,10:09:28,7.56,800,800,50000,S,2659692,7.56,1462762,7.56
2667669,10:09:38,7.56,3100,3100,50000,S,2667668,7.56,1462762,7.56
2696938,10:10:13,7.56,3800,3800,50000,S,2696937,7.56,1462762,7.56
2714988,10:10:35,7.56,2600,2600,50000,S,2714987,7.56,1462762,7.56
2718016,10:10:39,7.56,5034,5034,50000,S,2718015,7.56,1462762,7.56
2719676,10:10:41,7.56,3000,3000,50000,S,2719675,7.56,1462762,7.56
2726590,10:10:49,7.56,2300,2300,50000,S,2726589,7.56,1462762,7.56
2729635,10:10:52,7.56,1000,1000,50000,S,2729634,7.56,1462762,7.56
2736983,10:11:01,7.56,700,700,50000,S,2736982,7.56,1462762,7.56
2741546,10:11:06,7.57,200,200,500,B,2645563,7.57,2741545,7.57
2741547,10:11:06,7.57,300,4500,500,B,2697096,7.57,2741545,7.57
2746937,10:11:13,7.56,1690,1690,50000,S,2746936,7.56,1462762,7.56
2747001,10:11:13,7.56,3300,3300,50000,S,2747000,7.56,1462762,7.56
2768849,10:11:41,7.56,10891,10891,50000,S,2768848,7.56,1462762,7.56
2784362,10:12:01,7.56,600,600,50000,S,2784361,7.56,1462762,7.56
2788869,10:12:06,7.56,6185,12000,50000,S,2788868,7.56,1462762,7.56
2788870,10:12:06,7.56,2000,12000,2000,S,2788868,7.56,2396391,7.56
2788871,10:12:06,7.56,400,12000,400,S,2788868,7.56,2592101,7.56
2788872,10:12:06,7.56,3415,12000,5000,S,2788868,7.56,2618932,7.56
2791004,10:12:09,7.56,1585,2000,5000,S,2791003,7.56,2618932,7.56
2806369,10:12:29,7.55,200,200,10000,S,2806368,7.55,1249182,7.55
2827308,10:12:57,7.55,100,100,10000,S,2827307,7.55,1249182,7.55
2827516,10:12:58,7.55,100,100,10000,S,2827515,7.55,1249182,7.55
2829817,10:13:01,7.55,700,700,10000,S,2829816,7.55,1249182,7.55
2835694,10:13:08,7.56,100,2000,100,B,2791003,7.56,2835693,7.56
2872432,10:13:54,7.56,315,2000,1400,B,2791003,7.56,2872431,7.56
2872433,10:13:54,7.56,1085,1100,1400,B,2812985,7.56,2872431,7.56
2891249,10:14:13,7.56,15,1100,10000,B,2812985,7.56,2891248,7.56
2891250,10:14:13,7.56,600,600,10000,B,2880260,7.56,2891248,7.56
2891251,10:14:13,7.56,9385,11000,10000,B,2881147,7.56,2891248,7.56
2899741,10:14:24,7.56,800,11000,800,B,2881147,7.56,2899740,7.56
2915497,10:14:44,7.56,500,11000,500,B,2881147,7.56,2915496,7.56
2917091,10:14:46,7.56,315,11000,10000,B,2881147,7.56,2917090,7.56
2928148,10:15:01,7.56,700,700,10000,S,2928147,7.56,2917090,7.56
2936486,10:15:13,7.57,100,4500,100,B,2697096,7.57,2936485,7.57
2941221,10:15:19,7.57,4100,4500,10000,B,2697096,7.57,2941220,7.57
2941222,10:15:19,7.57,1000,1000,10000,B,2746566,7.57,2941220,7.57
2941223,10:15:19,7.57,4900,5000,10000,B,2750230,7.57,2941220,7.57
2960397,10:15:46,7.56,200,200,10000,S,2960396,7.56,2917090,7.56
2961779,10:15:48,7.57,100,5000,2000,B,2750230,7.57,2961778,7.57
2961780,10:15:48,7.57,400,400,2000,B,2934275,7.57,2961778,7.57
2970636,10:16:01,7.57,600,600,2000,S,2970635,7.57,2961778,7.57
2973147,10:16:04,7.57,700,700,2000,S,2973146,7.57,2961778,7.57
2974684,10:16:07,7.57,100,100,2000,S,2974683,7.57,2961778,7.57
3008486,10:17:01,7.57,100,700,2000,S,3008485,7.57,2961778,7.57
3041509,10:17:57,7.57,600,700,5000,B,3008485,7.57,3041508,7.57
3041510,10:17:57,7.57,4400,5000,5000,B,3030445,7.57,3041508,7.57
3051690,10:18:12,7.57,600,5000,600,B,3030445,7.57,3051689,7.57
3108648,10:19:38,7.56,100,100,10000,S,3108647,7.56,2917090,7.56
3122199,10:19:59,7.56,200,200,10000,S,3122198,7.56,2917090,7.56
3123478,10:20:01,7.56,1200,1200,10000,S,3123477,7.56,2917090,7.56
3136111,10:20:20,7.56,1700,1700,10000,S,3136110,7.56,2917090,7.56
3143524,10:20:31,7.56,1300,1300,10000,S,3143523,7.56,2917090,7.56
3151394,10:20:43,7.56,1200,1200,10000,S,3151393,7.56,2917090,7.56
3160267,10:20:58,7.56,3085,4685,10000,S,3160266,7.56,2917090,7.56
3160268,10:20:58,7.56,1600,4685,1600,S,3160266,7.56,3133187,7.56
3177981,10:21:24,7.55,500,500,10000,S,3177980,7.55,1249182,7.55
3184426,10:21:34,7.55,100,100,10000,S,3184425,7.55,1249182,7.55
3196954,10:21:53,7.55,1500,1500,10000,S,3196953,7.55,1249182,7.55
3202336,10:22:01,7.55,700,700,10000,S,3202335,7.55,1249182,7.55
3204319,10:22:05,7.55,2600,20000,10000,S,3204318,7.55,1249182,7.55
3204320,10:22:05,7.55,3000,20000,3000,S,3204318,7.55,1279697,7.55
3204321,10:22:05,7.55,12700,20000,12700,S,3204318,7.55,1677696,7.55
3204322,10:22:05,7.55,100,20000,100,S,3204318,7.55,1694237,7.55
3204323,10:22:05,7.55,1600,20000,22000,S,3204318,7.55,2008974,7.55
3207739,10:22:10,7.55,20000,20000,22000,S,3207738,7.55,2008974,7.55
3210796,10:22:14,7.55,400,2800,22000,S,3210795,7.55,2008974,7.55
3225654,10:22:37,7.54,10000,10000,10000,S,3225653,7.54,1342268,7.54
3229000,10:22:43,7.54,10000,10000,50000,S,3228999,7.54,2044853,7.54
3229981,10:22:45,7.55,1300,2800,1300,B,3210795,7.55,3229980,7.55
3251510,10:23:19,7.55,700,2800,700,B,3210795,7.55,3251509,7.55
3251865,10:23:20,7.55,400,2800,400,B,3210795,7.55,3251864,7.55
3253235,10:23:22,7.54,100,100,50000,S,3253234,7.54,2044853,7.54
3261099,10:23:35,7.54,20000,20000,50000,S,3261098,7.54,2044853,7.54
3276249,10:24:01,7.54,700,700,50000,S,3276248,7.54,2044853,7.54
3278691,10:24:05,7.54,19200,20000,50000,S,3278690,7.54,2044853,7.54
3278692,10:24:05,7.54,700,20000,700,S,3278690,7.54,3235847,7.54
3290454,10:24:22,7.54,100,20000,300,B,3278690,7.54,3290453,7.54
3290455,10:24:22,7.54,200,1000,300,B,3281110,7.54,3290453,7.54
3292950,10:24:26,7.54,500,1000,500,B,3281110,7.54,3292949,7.54
3299613,10:24:36,7.54,300,1000,7900,B,3281110,7.54,3299612,7.54
3299614,10:24:36,7.54,7600,10000,7900,B,3287144,7.54,3299612,7.54
3314208,10:24:57,7.54,400,10000,400,B,3287144,7.54,3314207,7.54
3350915,10:25:46,7.54,300,10000,300,B,3287144,7.54,3350914,7.54
3356506,10:25:53,7.54,1700,10000,5000,B,3287144,7.54,3356505,7.54
3356507,10:25:53,7.54,3300,3300,5000,B,3301827,7.54,3356505,7.54
3362353,10:26:00,7.53,5000,5000,20000,S,3362352,7.53,1359241,7.53
3363702,10:26:02,7.53,4300,4300,20000,S,3363701,7.53,1359241,7.53
3404446,10:27:01,7.53,3300,3300,20000,S,3404445,7.53,1359241,7.53
3409539,10:27:09,7.54,200,200,500,B,3333589,7.54,3409538,7.54
3409540,10:27:09,7.54,300,910,500,B,3358628,7.54,3409538,7.54
3415232,10:27:18,7.54,610,910,2200,B,3358628,7.54,3415231,7.54
3415233,10:27:18,7.54,1590,2190,2200,B,3359128,7.54,3415231,7.54
3415530,10:27:19,7.53,200,200,20000,S,3415529,7.53,1359241,7.53
3415940,10:27:20,7.54,600,2190,600,B,3359128,7.54,3415939,7.54
3430752,10:27:45,7.54,500,7200,500,S,3430751,7.53,3424545,7.54
3430753,10:27:45,7.53,6700,7200,20000,S,3430751,7.53,1359241,7.53
3439942,10:28:01,7.53,500,1300,20000,S,3439941,7.53,1359241,7.53
3439943,10:28:01,7.53,100,1300,100,S,3439941,7.53,3107284,7.53
3439944,10:28:01,7.53,500,1300,500,S,3439941,7.53,3311721,7.53
3439945,10:28:01,7.53,200,1300,500,S,3439941,7.53,3419275,7.53
3445109,10:28:09,7.53,100,100,500,S,3445108,7.53,3419275,7.53
3474535,10:29:01,7.54,700,700,700,S,3474534,7.54,3467755,7.54
3475629,10:29:03,7.53,200,400,500,S,3475627,7.53,3419275,7.53
3475630,10:29:03,7.53,200,400,5200,S,3475627,7.53,3440458,7.53
3475825,10:29:03,7.53,5000,9000,5200,S,3475824,7.53,3440458,7.53
3475826,10:29:03,7.53,4000,9000,10000,S,3475824,7.53,3457729,7.53
3510770,10:30:01,7.53,600,600,10000,S,3510769,7.53,3457729,7.53
3516441,10:30:08,7.56,100,1400,100,B,3179538,7.56,3516440,7.56
3516471,10:30:08,7.56,1200,1400,1200,B,3179538,7.56,3516470,7.56
3567478,10:31:26,7.55,100,100,400,B,3521566,7.55,3567477,7.55
3567479,10:31:26,7.55,300,1100,400,B,3563922,7.55,3567477,7.55
3571105,10:31:31,7.55,800,1100,1400,B,3563922,7.55,3571104,7.55
3588420,10:32:01,7.55,600,600,1400,S,3588419,7.55,3571104,7.55
3607504,10:32:33,7.56,100,1400,100,B,3179538,7.56,3607503,7.56
3609710,10:32:36,7.55,100,100,100,S,3609709,7.55,3578866,7.55
3612239,10:32:40,7.54,100,100,1500,S,3612238,7.54,3514176,7.54
3624239,10:33:01,7.54,1400,1400,1500,S,3624238,7.54,3514176,7.54
3648002,10:33:45,7.55,100,100,6200,S,3648001,7.55,3633721,7.55
3656089,10:34:01,7.55,600,600,6200,S,3656088,7.55,3633721,7.55
3665225,10:34:19,7.56,5000,5000,7800,B,3426009,7.56,3665224,7.56
3675829,10:34:41,7.56,2800,5000,7800,S,3675828,7.56,3665224,7.56
3679297,10:34:49,7.55,200,200,6200,S,3679296,7.55,3633721,7.55
3684933,10:35:01,7.55,700,700,6200,S,3684932,7.55,3633721,7.55
3697106,10:35:27,7.55,100,100,6200,S,3697105,7.55,3633721,7.55
3698537,10:35:30,7.56,2200,5000,5000,B,3675828,7.56,3698536,7.56
3700415,10:35:34,7.56,2800,21000,5000,S,3700414,7.53,3698536,7.56
3700416,10:35:34,7.55,4500,21000,6200,S,3700414,7.53,3633721,7.55
3700417,10:35:34,7.54,5000,21000,5000,S,3700414,7.53,3619472,7.54
3700418,10:35:34,7.53,5400,21000,10000,S,3700414,7.53,3457729,7.53
3700419,10:35:34,7.53,500,21000,500,S,3700414,7.53,3545179,7.53
3700420,10:35:34,7.53,2000,21000,2000,S,3700414,7.53,3627708,7.53
3700621,10:35:34,7.53,800,21000,800,B,3700414,7.53,3700620,7.53
3713817,10:36:01,7.53,600,600,600,B,3713372,7.53,3713816,7.53
3724195,10:36:21,7.52,700,2000,700,S,3724194,7.52,3421144,7.52
3724196,10:36:21,7.52,1000,2000,1000,S,3724194,7.52,3493669,7.52
3724197,10:36:21,7.52,300,2000,1100,S,3724194,7.52,3681446,7.52
3742046,10:36:56,7.57,3200,5300,3200,B,3130019,7.57,3742045,7.57
3744975,10:37:01,7.57,1600,5300,1600,B,3130019,7.57,3744974,7.57
3750117,10:37:11,7.57,500,5300,1200,B,3130019,7.57,3750116,7.57
3750118,10:37:11,7.57,700,900,1200,B,3726461,7.57,3750116,7.57
3755474,10:37:21,7.57,200,900,200,B,3726461,7.57,3755473,7.57
3855003,10:40:56,7.53,200,200,2100,S,3855002,7.53,3740830,7.53
3859376,10:41:01,7.53,1900,2700,2100,S,3859375,7.53,3740830,7.53
3859377,10:41:01,7.53,100,2700,100,S,3859375,7.53,3762264,7.53
3859378,10:41:01,7.53,700,2700,900,S,3859375,7.53,3772336,7.53
3871075,10:41:19,7.53,200,500,900,S,3871074,7.53,3772336,7.53
3871076,10:41:19,7.53,100,500,100,S,3871074,7.53,3790154,7.53
3871077,10:41:19,7.53,100,500,100,S,3871074,7.53,3796781,7.53
3871078,10:41:19,7.53,100,500,1700,S,3871074,7.53,3825779,7.53
3894783,10:42:01,7.53,1300,1300,1700,S,3894782,7.53,3825779,7.53
3905344,10:42:19,7.54,200,200,200,S,3905343,7.54,3896021,7.54
3914117,10:42:35,7.56,100,100,100,B,3871440,7.56,3914116,7.56
3929861,10:43:05,7.56,500,600,500,B,3927892,7.56,3929860,7.56
3985167,10:44:58,7.55,100,100,1500,B,3957009,7.55,3985166,7.56
3985168,10:44:58,7.56,100,600,1500,B,3927892,7.56,3985166,7.56
3985169,10:44:58,7.56,700,700,1500,B,3958236,7.56,3985166,7.56
3986423,10:45:01,7.56,100,100,1500,S,3986422,7.56,3985166,7.56
3986672,10:45:01,7.56,500,600,1500,S,3986671,7.56,3985166,7.56
4015931,10:46:04,7.56,100,600,11400,B,3986671,7.56,4015930,7.56
4015932,10:46:04,7.56,700,700,11400,B,4014124,7.56,4015930,7.56
4021248,10:46:16,7.56,400,400,11400,S,4021247,7.56,4015930,7.56
4023729,10:46:22,7.56,6300,6300,11400,S,4023728,7.56,4015930,7.56
4038002,10:46:53,7.56,200,200,11400,S,4038001,7.56,4015930,7.56
4041666,10:47:01,7.56,600,600,11400,S,4041665,7.56,4015930,7.56
4042774,10:47:03,7.56,3100,10000,11400,S,4042773,7.56,4015930,7.56
4042775,10:47:03,7.56,6900,10000,10000,S,4042773,7.56,4036549,7.56
4050820,10:47:21,7.56,300,300,10000,S,4050819,7.56,4036549,7.56
4068490,10:48:01,7.56,700,700,10000,S,4068489,7.56,4036549,7.56
4096859,10:49:01,7.56,600,600,10000,S,4096858,7.56,4036549,7.56
4100831,10:49:08,7.56,1500,1500,10000,S,4100830,7.56,4036549,7.56
4118980,10:49:49,7.55,200,200,2000,S,4118979,7.55,4084381,7.55
4124303,10:50:01,7.55,700,700,2000,S,4124302,7.55,4084381,7.55
4135887,10:50:30,7.55,1100,11500,2000,S,4135886,7.54,4084381,7.55
4135888,10:50:30,7.55,10000,11500,10000,S,4135886,7.54,4102677,7.55
4135889,10:50:30,7.54,400,11500,400,S,4135886,7.54,4120071,7.54
4153608,10:51:16,7.53,300,1076,1700,S,4153607,7.53,3825779,7.53
4153609,10:51:16,7.53,776,1076,2600,S,4153607,7.53,3878907,7.53
4161125,10:51:36,7.54,600,600,600,B,4148294,7.54,4161124,7.54
4163427,10:51:43,7.53,1824,71380,2600,S,4163426,7.5,3878907,7.53
4163428,10:51:43,7.53,700,71380,700,S,4163426,7.5,3923681,7.53
4163429,10:51:43,7.53,2700,71380,2700,S,4163426,7.5,4001970,7.53
4163430,10:51:43,7.53,2000,71380,2000,S,4163426,7.5,4067103,7.53
4163431,10:51:43,7.52,800,71380,1100,S,4163426,7.5,3681446,7.52
4163432,10:51:43,7.52,700,71380,700,S,4163426,7.5,3709469,7.52
4163433,10:51:43,7.52,4100,71380,4100,S,4163426,7.5,3737067,7.52
4163434,10:51:43,7.52,1000,71380,1000,S,4163426,7.5,3902375,7.52
4163435,10:51:43,7.52,2900,71380,2900,S,4163426,7.5,4017890,7.52
4163436,10:51:43,7.51,9600,71380,9600,S,4163426,7.5,1774265,7.51
4163437,10:51:43,7.51,1000,71380,1000,S,4163426,7.5,3749932,7.51
4163438,10:51:43,7.51,5000,71380,5000,S,4163426,7.5,3753600,7.51
4163439,10:51:43,7.51,2000,71380,2000,S,4163426,7.5,3936267,7.51
4163440,10:51:43,7.5,1000,71380,1000,S,4163426,7.5,1401681,7.5
4163441,10:51:43,7.5,1000,71380,1000,S,4163426,7.5,1455202,7.5
4163442,10:51:43,7.5,4000,71380,4000,S,4163426,7.5,3261650,7.5
4163443,10:51:43,7.5,100,71380,100,S,4163426,7.5,3277785,7.5
4163444,10:51:43,7.5,2000,71380,2000,S,4163426,7.5,3620209,7.5
4163445,10:51:43,7.5,2800,71380,2800,S,4163426,7.5,3740702,7.5
4163446,10:51:43,7.5,1000,71380,1000,S,4163426,7.5,3799123,7.5
4163816,10:51:44,7.5,25100,71380,25100,B,4163426,7.5,4163815,7.5
4164281,10:51:45,7.5,56,71380,100,B,4163426,7.5,4164280,7.5
4170575,10:52:01,7.5,44,700,100,S,4170574,7.5,4164280,7.5
4171533,10:52:03,7.5,600,700,600,B,4170574,7.5,4171532,7.5
4172576,10:52:06,7.5,56,700,100,B,4170574,7.5,4172575,7.5
4194083,10:53:01,7.5,44,600,100,S,4194082,7.5,4172575,7.5
4194084,10:53:01,7.5,556,600,3000,S,4194082,7.5,4175385,7.5
4204523,10:53:29,7.52,100,100,200,B,4201004,7.52,4204522,7.53
4204524,10:53:29,7.53,100,1300,200,B,4197394,7.53,4204522,7.53
4208901,10:53:41,7.53,1200,1300,5000,B,4197394,7.53,4208900,7.53
4216498,10:54:01,7.53,700,700,5000,S,4216497,7.53,4208900,7.53
4238136,10:55:01,7.53,600,600,5000,S,4238135,7.53,4208900,7.53
4255680,10:55:52,7.53,700,700,5000,S,4255679,7.53,4208900,7.53
4257178,10:55:57,7.53,100,100,5000,S,4257177,7.53,4208900,7.53
4257880,10:55:59,7.53,400,400,5000,S,4257879,7.53,4208900,7.53
4258700,10:56:01,7.53,700,700,5000,S,4258699,7.53,4208900,7.53
4264518,10:56:18,7.53,600,2000,5000,S,4264517,7.53,4208900,7.53
4264519,10:56:18,7.53,100,2000,100,S,4264517,7.53,4253978,7.53
4290359,10:57:19,7.51,200,200,2000,S,4290358,7.51,4261001,7.51
4303273,10:57:54,7.51,1800,3800,2000,S,4303272,7.51,4261001,7.51
4303274,10:57:54,7.51,300,3800,300,S,4303272,7.51,4280815,7.51
4303275,10:57:54,7.51,1700,3800,2000,S,4303272,7.51,4281435,7.51
4306439,10:58:02,7.51,300,600,2000,S,4306438,7.51,4281435,7.51
4306440,10:58:02,7.51,300,600,700,S,4306438,7.51,4288927,7.51
4329478,10:59:01,7.51,400,1400,700,S,4329477,7.51,4288927,7.51
4329479,10:59:01,7.51,1000,1400,1000,S,4329477,7.51,4309919,7.51
4334775,10:59:17,7.53,1300,2000,5800,B,4264517,7.53,4334774,7.53
4334776,10:59:17,7.53,100,100,5800,B,4279641,7.53,4334774,7.53
4342007,10:59:37,7.53,100,100,5800,S,4342006,7.53,4334774,7.53
4350644,11:00:01,7.53,600,600,5800,S,4350643,7.53,4334774,7.53
4351897,11:00:04,7.54,400,400,1000,B,4227763,7.54,4351896,7.54
4371930,11:01:01,7.54,600,600,1000,S,4371929,7.54,4351896,7.54
4382642,11:01:29,7.53,200,200,5800,S,4382641,7.53,4334774,7.53
4396015,11:02:01,7.53,700,700,5800,S,4396014,7.53,4334774,7.53
4418469,11:03:01,7.53,700,700,5800,S,4418468,7.53,4334774,7.53
4429337,11:03:31,7.53,100,100,5800,S,4429336,7.53,4334774,7.53
4438431,11:03:58,7.53,100,100,5800,S,4438430,7.53,4334774,7.53
4439622,11:04:01,7.53,700,700,5800,S,4439621,7.53,4334774,7.53
4443017,11:04:11,7.53,100,100,5800,S,4443016,7.53,4334774,7.53
4455229,11:04:49,7.53,200,200,5800,S,4455228,7.53,4334774,7.53
4459191,11:05:01,7.53,600,600,5800,S,4459190,7.53,4334774,7.53
4477014,11:06:01,7.53,300,700,5800,S,4477013,7.53,4334774,7.53
4477015,11:06:01,7.53,400,700,2000,S,4477013,7.53,4383273,7.53
4499652,11:07:01,7.53,600,600,2000,S,4499651,7.53,4383273,7.53
4509593,11:07:24,7.53,100,100,2000,S,4509592,7.53,4383273,7.53
4523118,11:08:01,7.53,700,700,2000,S,4523117,7.53,4383273,7.53
4528797,11:08:19,7.54,100,100,1500,B,4512075,7.54,4528796,7.54
4528798,11:08:19,7.54,400,400,1500,B,4525158,7.54,4528796,7.54
4528799,11:08:19,7.54,800,800,1500,B,4525603,7.54,4528796,7.54
4542450,11:09:01,7.54,200,600,1500,S,4542449,7.54,4528796,7.54
4542451,11:09:01,7.54,400,600,20000,S,4542449,7.54,4540436,7.54
4560678,11:10:01,7.54,600,600,20000,S,4560677,7.54,4540436,7.54
4578705,11:11:01,7.54,700,700,20000,S,4578704,7.54,4540436,7.54
4581971,11:11:12,7.54,100,100,20000,S,4581970,7.54,4540436,7.54
4596074,11:12:01,7.54,700,700,20000,S,4596073,7.54,4540436,7.54
4599462,11:12:14,7.54,13800,13800,20000,S,4599461,7.54,4540436,7.54
4600852,11:12:19,7.54,200,200,20000,S,4600851,7.54,4540436,7.54
4613800,11:13:01,7.54,600,600,20000,S,4613799,7.54,4540436,7.54
4616227,11:13:09,7.54,200,200,20000,S,4616226,7.54,4540436,7.54
4625062,11:13:38,7.54,2700,3000,20000,S,4625061,7.54,4540436,7.54
4656118,11:15:26,7.54,300,3000,2000,B,4625061,7.54,4656117,7.54
4656119,11:15:26,7.54,200,200,2000,B,4626642,7.54,4656117,7.54
4656120,11:15:26,7.54,700,700,2000,B,4631675,7.54,4656117,7.54
4656121,11:15:26,7.54,600,600,2000,B,4648526,7.54,4656117,7.54
4656122,11:15:26,7.54,200,200,2000,B,4653586,7.54,4656117,7.54
4667152,11:16:03,7.54,700,700,700,B,4666296,7.54,4667151,7.54
4731287,11:19:28,7.53,200,200,2000,S,4731286,7.53,4383273,7.53
4731621,11:19:29,7.53,200,200,5600,S,4731620,7.53,4525785,7.53
4741598,11:20:01,7.53,1900,1900,5600,S,4741597,7.53,4525785,7.53
4743606,11:20:07,7.53,3500,5000,5600,S,4743605,7.53,4525785,7.53
4743607,11:20:07,7.53,300,5000,300,S,4743605,7.53,4623611,7.53
4743608,11:20:07,7.53,1200,5000,3000,S,4743605,7.53,4660447,7.53
4758182,11:20:58,7.53,1800,5000,3000,S,4758181,7.53,4660447,7.53
4764562,11:21:20,7.53,2000,5000,2000,B,4758181,7.53,4764561,7.53
4791126,11:22:57,7.53,1200,5000,10000,B,4758181,7.53,4791125,7.53
4791127,11:22:57,7.53,1400,1400,10000,B,4759260,7.53,4791125,7.53
4791128,11:22:57,7.53,600,600,10000,B,4776434,7.53,4791125,7.53
4792302,11:23:01,7.53,700,700,10000,S,4792301,7.53,4791125,7.53
4807219,11:23:59,7.53,1500,1500,10000,S,4807218,7.53,4791125,7.53
4807904,11:24:02,7.53,300,300,10000,S,4807903,7.53,4791125,7.53
4814227,11:24:25,7.54,200,200,200,B,4740164,7.54,4814226,7.54
4839965,11:26:05,7.53,4300,4300,10000,S,4839964,7.53,4791125,7.53
4848900,11:26:40,7.52,2200,5000,2200,S,4848899,7.52,4334467,7.52
4848901,11:26:40,7.52,2800,5000,20000,S,4848899,7.52,4611159,7.52
4858909,11:27:19,7.52,200,200,20000,S,4858908,7.52,4611159,7.52
4907074,13:00:00,7.52,300,300,20000,S,4907073,7.52,4611159,7.52
4917239,13:00:00,7.53,200,500,200,B,4858665,7.53,4917238,7.53
4924423,13:00:00,7.53,300,500,1000,B,4858665,7.53,4924422,7.53
4924424,13:00:00,7.53,700,6000,1000,B,4914229,7.53,4924422,7.53
4930034,13:00:01,7.53,5300,6000,5800,B,4914229,7.53,4930033,7.53
4930035,13:00:01,7.53,500,1200,5800,B,4914564,7.53,4930033,7.53
4946460,13:00:04,7.53,700,1200,700,B,4914564,7.53,4946459,7.53
4950656,13:00:15,7.52,10000,10000,20000,S,4950655,7.52,4611159,7.52
4951561,13:00:21,7.52,200,200,20000,S,4951560,7.52,4611159,7.52
4961150,13:01:05,7.52,6500,16600,20000,S,4961149,7.52,4611159,7.52
4961151,13:01:05,7.52,10000,16600,10000,S,4961149,7.52,4894186,7.52
4975704,13:02:04,7.52,100,16600,100,B,4961149,7.52,4975703,7.52
4976410,13:02:07,7.51,4000,15000,4000,S,4976409,7.51,4310800,7.51
4976411,13:02:07,7.51,10000,15000,10000,S,4976409,7.51,4312154,7.51
4976412,13:02:07,7.51,1000,15000,2000,S,4976409,7.51,4694455,7.51
4978179,13:02:15,7.51,1000,10000,2000,S,4978178,7.51,4694455,7.51
4978180,13:02:15,7.51,100,10000,100,S,4978178,7.51,4854352,7.51
4978181,13:02:15,7.51,1600,10000,1600,S,4978178,7.51,4900324,7.51
4978182,13:02:15,7.51,1200,10000,1200,S,4978178,7.51,4963707,7.51
4982363,13:02:31,7.5,2444,50000,3000,S,4982362,7.5,4175385,7.5
4982364,13:02:31,7.5,3000,50000,3000,S,4982362,7.5,4179619,7.5
4982365,13:02:31,7.5,1200,50000,1200,S,4982362,7.5,4190710,7.5
4982366,13:02:31,7.5,2000,50000,2000,S,4982362,7.5,4212084,7.5
4982367,13:02:31,7.5,1000,50000,1000,S,4982362,7.5,4214255,7.5
4982368,13:02:31,7.5,2000,50000,2000,S,4982362,7.5,4216824,7.5
4982369,13:02:31,7.5,200,50000,200,S,4982362,7.5,4312092,7.5
4982370,13:02:31,7.5,500,50000,500,S,4982362,7.5,4344489,7.5
4982371,13:02:31,7.5,37656,50000,100000,S,4982362,7.5,4601740,7.5
4984234,13:02:39,7.5,10200,10200,100000,S,4984233,7.5,4601740,7.5
4985365,13:02:44,7.5,10400,10400,100000,S,4985364,7.5,4601740,7.5
4986811,13:02:49,7.5,9700,9700,100000,S,4986810,7.5,4601740,7.5
4988384,13:02:54,7.5,11000,11000,100000,S,4988383,7.5,4601740,7.5
4988809,13:02:56,7.5,14300,14300,100000,S,4988808,7.5,4601740,7.5
4989638,13:02:59,7.5,6744,10100,100000,S,4989637,7.5,4601740,7.5
4989639,13:02:59,7.5,1000,10100,1000,S,4989637,7.5,4756317,7.5
4989640,13:02:59,7.5,2000,10100,2000,S,4989637,7.5,4850296,7.5
4989641,13:02:59,7.5,300,10100,300,S,4989637,7.5,4903697,7.5
4989642,13:02:59,7.5,56,10100,1000,S,4989637,7.5,4984219,7.5
4989742,13:03:00,7.5,500,500,1000,S,4989741,7.5,4984219,7.5
4989744,13:03:00,7.5,300,300,1000,S,4989743,7.5,4984219,7.5
4990189,13:03:01,7.5,144,700,1000,S,4990188,7.5,4984219,7.5
4996169,13:03:25,7.5,556,700,2000,B,4990188,7.5,4996168,7.5
4997373,13:03:29,7.5,1444,2444,2000,S,4997372,7.5,4996168,7.5
4998472,13:03:34,7.5,1000,2444,1000,B,4997372,7.5,4998471,7.5
5009666,13:04:17,7.5,1700,1700,10100,B,5002006,7.5,5009665,7.5
5010513,13:04:21,7.5,8400,8400,10100,S,5010512,7.5,5009665,7.5
5014648,13:04:37,7.5,200,10000,200,B,5010670,7.5,5014647,7.5
5025681,13:05:19,7.49,200,200,12700,S,5025680,7.49,1292059,7.49
5027689,13:05:27,7.49,12500,15000,12700,S,5027688,7.49,1292059,7.49
5027690,13:05:27,7.49,500,15000,500,S,5027688,7.49,1769944,7.49
5027691,13:05:27,7.49,100,15000,100,S,5027688,7.49,3391244,7.49
5027692,13:05:27,7.49,1900,15000,3100,S,5027688,7.49,4186582,7.49
5034422,13:05:51,7.49,1200,1200,3100,S,5034421,7.49,4186582,7.49
5039231,13:06:05,7.49,600,2600,600,S,5039230,7.49,4199826,7.49
5039232,13:06:05,7.49,2000,2600,2000,S,5039230,7.49,4484834,7.49
5041137,13:06:12,7.49,800,1900,800,B,5039398,7.49,5041136,7.49
5077592,13:08:10,7.49,400,1900,400,B,5039398,7.49,5077591,7.49
5079533,13:08:16,7.49,700,1900,5000,B,5039398,7.49,5079532,7.49
5079534,13:08:16,7.49,1500,1500,5000,B,5039399,7.49,5079532,7.49
5079535,13:08:16,7.49,2400,2400,5000,B,5051609,7.49,5079532,7.49
5129396,13:11:02,7.49,100,100,5000,S,5129395,7.49,5079532,7.49
5129761,13:11:03,7.5,200,10000,200,B,5010670,7.5,5129760,7.5
5132436,13:11:11,7.5,100,10000,100,B,5010670,7.5,5132435,7.5
5150160,13:12:00,7.5,100,10000,100,B,5010670,7.5,5150159,7.5
5152338,13:12:06,7.5,400,10000,400,B,5010670,7.5,5152337,7.5
5169363,13:13:00,7.49,200,200,5000,S,5169362,7.49,5079532,7.49
5171238,13:13:04,7.5,200,10000,200,B,5010670,7.5,5171237,7.5
5172519,13:13:08,7.5,800,10000,800,B,5010670,7.5,5172518,7.5
5174592,13:13:14,7.5,8000,10000,10000,B,5010670,7.5,5174591,7.5
5174593,13:13:14,7.5,2000,2200,10000,B,5089717,7.5,5174591,7.5
5179290,13:13:30,7.5,200,2200,200,B,5089717,7.5,5179289,7.5
5181414,13:13:36,7.5,600,600,600,S,5181413,7.5,5180335,7.5
5209653,13:15:06,7.5,500,2500,1000,S,5209652,7.5,5207083,7.5
5209654,13:15:06,7.5,2000,2500,2000,S,5209652,7.5,5207594,7.5
5218051,13:15:31,7.5,200,900,200,S,5218050,7.5,5216590,7.5
5221095,13:15:40,7.5,700,900,700,B,5218050,7.5,5221094,7.5
5221953,13:15:42,7.49,100,2800,5000,S,5221952,7.49,5079532,7.49
5221954,13:15:42,7.49,2000,2800,2000,S,5221952,7.49,5087511,7.49
5221955,13:15:42,7.49,700,2800,1000,S,5221952,7.49,5116936,7.49
5222212,13:15:43,7.49,100,100,1000,S,5222211,7.49,5116936,7.49
5232272,13:16:12,7.5,1100,1100,1100,S,5232271,7.5,5230861,7.5
5241053,13:16:37,7.5,200,9000,200,S,5241052,7.5,5238717,7.5
5244058,13:16:46,7.5,8800,9000,14200,B,5241052,7.5,5244057,7.5
5246368,13:16:53,7.5,5400,7600,14200,S,5246367,7.5,5244057,7.5
5250171,13:17:03,7.5,600,7600,600,B,5246367,7.5,5250170,7.5
5250673,13:17:05,7.5,1600,7600,1600,B,5246367,7.5,5250672,7.5
5207084,13:14:59,7.5,500,500,1000,B,5194277,7.5,5207083,7.5
5265577,13:17:48,7.5,100,2100,100,S,5265576,7.5,5263300,7.5
5265578,13:17:48,7.5,2000,2100,2000,S,5265576,7.5,5263959,7.5
5277614,13:18:22,7.49,200,30000,1000,S,5277613,7.48,5116936,7.49
5277615,13:18:22,7.49,200,30000,200,S,5277613,7.48,5128287,7.49
5277616,13:18:22,7.49,6700,30000,6700,S,5277613,7.48,5155015,7.49
5277617,13:18:22,7.49,1800,30000,1800,S,5277613,7.48,5159562,7.49
5277618,13:18:22,7.49,1000,30000,1000,S,5277613,7.48,5176962,7.49
5277619,13:18:22,7.49,100,30000,100,S,5277613,7.48,5231916,7.49
5277620,13:18:22,7.49,1000,30000,1000,S,5277613,7.48,5258780,7.49
5277621,13:18:22,7.49,700,30000,700,S,5277613,7.48,5262430,7.49
5277622,13:18:22,7.48,1200,30000,1200,S,5277613,7.48,1976086,7.48
5277623,13:18:22,7.48,100,30000,100,S,5277613,7.48,3346430,7.48
5277624,13:18:22,7.48,100,30000,100,S,5277613,7.48,3387710,7.48
5277625,13:18:22,7.48,700,30000,700,S,5277613,7.48,4186918,7.48
5277626,13:18:22,7.48,100,30000,100,S,5277613,7.48,4944640,7.48
5277627,13:18:22,7.48,1000,30000,1000,S,5277613,7.48,5051874,7.48
5277628,13:18:22,7.48,1800,30000,1800,S,5277613,7.48,5124705,7.48
5277629,13:18:22,7.48,100,30000,100,S,5277613,7.48,5202027,7.48
5277630,13:18:22,7.48,1000,30000,1000,S,5277613,7.48,5215754,7.48
5277631,13:18:22,7.48,10000,30000,10000,S,5277613,7.48,5236779,7.48
5277820,13:18:22,7.48,2200,30000,2200,B,5277613,7.48,5277819,7.48
5279400,13:18:27,7.49,1000,1000,1000,B,5278234,7.49,5279399,7.49
5308868,13:19:38,7.49,500,20000,500,S,5308867,7.47,5303608,7.49
5308869,13:19:38,7.48,500,20000,500,S,5308867,7.47,5282806,7.48
5308870,13:19:38,7.48,10000,20000,10000,S,5308867,7.47,5283484,7.48
5308871,13:19:38,7.47,500,20000,500,S,5308867,7.47,971612,7.47
5308872,13:19:38,7.47,1000,20000,1000,S,5308867,7.47,5013489,7.47
5308873,13:19:38,7.47,1000,20000,1000,S,5308867,7.47,5049687,7.47
5308874,13:19:38,7.47,3000,20000,3000,S,5308867,7.47,5109609,7.47
5308875,13:19:38,7.47,2000,20000,2000,S,5308867,7.47,5227216,7.47
5308876,13:19:38,7.47,200,20000,200,S,5308867,7.47,5271859,7.47
5308877,13:19:38,7.47,1300,20000,1300,S,5308867,7.47,5286664,7.47
5311731,13:19:44,7.47,1000,20000,1000,S,5311730,7.47,5292964,7.47
5312371,13:19:45,7.47,19000,20000,19000,B,5311730,7.47,5312370,7.47
5314427,13:19:51,7.47,4500,20000,4500,S,5314426,7.47,5313058,7.47
5314803,13:19:51,7.47,10000,20000,10000,B,5314426,7.47,5314802,7.47
5322427,13:20:08,7.46,100,30000,100,S,5322426,7.45,60579,7.46
5322428,13:20:08,7.46,500,30000,500,S,5322426,7.45,959788,7.46
5322429,13:20:08,7.46,100,30000,100,S,5322426,7.45,3758013,7.46
5322430,13:20:08,7.46,1200,30000,1200,S,5322426,7.45,4022069,7.46
5322431,13:20:08,7.46,1000,30000,1000,S,5322426,7.45,4239396,7.46
5322432,13:20:08,7.46,2000,30000,2000,S,5322426,7.45,5009548,7.46
5322433,13:20:08,7.46,1000,30000,1000,S,5322426,7.45,5015949,7.46
5322434,13:20:08,7.46,700,30000,700,S,5322426,7.45,5038918,7.46
5322435,13:20:08,7.46,700,30000,700,S,5322426,7.45,5097888,7.46
5322436,13:20:08,7.46,3500,30000,3500,S,5322426,7.45,5103351,7.46
5322437,13:20:08,7.46,1100,30000,1100,S,5322426,7.45,5132644,7.46
5322438,13:20:08,7.46,1300,30000,1300,S,5322426,7.45,5319629,7.46
5322439,13:20:08,7.45,1700,30000,1700,S,5322426,7.45,14115,7.45
5322440,13:20:08,7.45,1000,30000,1000,S,5322426,7.45,15888,7.45
5322441,13:20:08,7.45,1300,30000,1300,S,5322426,7.45,97324,7.45
5322442,13:20:08,7.45,2600,30000,2600,S,5322426,7.45,166201,7.45
5322443,13:20:08,7.45,500,30000,500,S,5322426,7.45,946355,7.45
5322444,13:20:08,7.45,100,30000,100,S,5322426,7.45,2054960,7.45
5322445,13:20:08,7.45,1000,30000,1000,S,5322426,7.45,4245079,7.45
5322446,13:20:08,7.45,300,30000,300,S,5322426,7.45,4336519,7.45
5322447,13:20:08,7.45,700,30000,700,S,5322426,7.45,4997718,7.45
5322448,13:20:08,7.45,1000,30000,1000,S,5322426,7.45,5050794,7.45
5322449,13:20:08,7.45,200,30000,200,S,5322426,7.45,5123397,7.45
5322452,13:20:08,7.45,6400,30000,6700,B,5322426,7.45,5322451,7.47
5322453,13:20:08,7.47,300,20000,6700,B,5314426,7.47,5322451,7.47
5323624,13:20:11,7.47,5000,20000,5000,B,5314426,7.47,5323623,7.47
5327243,13:20:19,7.47,200,20000,900,B,5314426,7.47,5327242,7.48
5327923,13:20:21,7.48,500,500,900,S,5327922,7.48,5327242,7.48
5327925,13:20:21,7.48,200,200,900,S,5327924,7.48,5327242,7.48
5332728,13:20:31,7.49,100,6800,100,B,5327926,7.49,5332727,7.49
5338376,13:20:44,7.49,2400,6800,2400,B,5327926,7.49,5338375,7.49
5340752,13:20:49,7.47,200,200,200,S,5340751,7.47,5328291,7.47
5342827,13:20:54,7.49,4300,6800,20000,B,5327926,7.49,5342826,7.49
5342828,13:20:54,7.49,300,300,20000,B,5333789,7.49,5342826,7.49
5395275,13:22:56,7.49,15400,17500,20000,S,5395274,7.49,5342826,7.49
5400921,13:23:10,7.49,100,17500,100,B,5395274,7.49,5400920,7.49
5407790,13:23:27,7.49,200,17500,200,B,5395274,7.49,5407789,7.49
5423897,13:24:07,7.49,500,17500,500,B,5395274,7.49,5423896,7.49
5438554,13:24:42,7.49,1300,17500,3700,B,5395274,7.49,5438553,7.49
5438555,13:24:42,7.49,2300,2300,3700,B,5435112,7.49,5438553,7.49
5463166,13:25:41,7.5,100,10000,100,B,5272792,7.5,5463165,7.5
5464000,13:25:43,7.49,100,12500,3700,S,5463999,7.49,5438553,7.49
5464001,13:25:43,7.49,500,12500,500,S,5463999,7.49,5443324,7.49
5464002,13:25:43,7.49,1500,12500,1500,S,5463999,7.49,5461695,7.49
5464003,13:25:43,7.49,700,12500,700,S,5463999,7.49,5461826,7.49
5467818,13:25:53,7.49,200,12500,200,B,5463999,7.49,5467817,7.49
5468033,13:25:53,7.49,2000,12500,2000,B,5463999,7.49,5468032,7.49
5468832,13:25:55,7.49,500,12500,500,B,5463999,7.49,5468831,7.49
5475294,13:26:10,7.49,5000,12500,5000,B,5463999,7.49,5475293,7.49
5482551,13:26:27,7.49,2000,12500,4000,B,5463999,7.49,5482550,7.49
5489107,13:26:44,7.49,200,200,4000,S,5489106,7.49,5482550,7.49
5489475,13:26:45,7.49,1800,2000,4000,S,5489474,7.49,5482550,7.49
5489476,13:26:45,7.49,200,2000,2200,S,5489474,7.49,5485166,7.49
5493609,13:26:56,7.49,100,100,2200,S,5493608,7.49,5485166,7.49
5509045,13:27:34,7.49,1900,10000,2200,S,5509044,7.49,5485166,7.49
5511001,13:27:40,7.49,500,10000,500,B,5509044,7.49,5511000,7.49
5520640,13:28:03,7.49,3200,10000,3200,B,5509044,7.49,5520639,7.49
5524033,13:28:12,7.48,300,300,600,S,5524032,7.48,5398284,7.48
5527766,13:28:22,7.49,4400,10000,8700,B,5509044,7.49,5527765,7.49
5530832,13:28:30,7.49,200,200,8700,S,5530831,7.49,5527765,7.49
5554833,13:29:30,7.5,100,10000,100,B,5272792,7.5,5554832,7.5
5557935,13:29:38,7.5,4800,10000,4800,B,5272792,7.5,5557934,7.5
5559657,13:29:42,7.5,100,10000,100,B,5272792,7.5,5559656,7.5
5570975,13:30:13,7.5,4900,10000,20000,B,5272792,7.5,5570974,7.51
5570976,13:30:13,7.51,6100,10000,20000,B,4978178,7.51,5570974,7.51
5570977,13:30:13,7.51,9000,10000,20000,B,5017491,7.51,5570974,7.51
5584261,13:30:51,7.51,1000,10000,1800,B,5017491,7.51,5584260,7.51
5585378,13:30:54,7.51,800,10500,1800,S,5585377,7.5,5584260,7.51
5585379,13:30:54,7.5,5000,10500,5000,S,5585377,7.5,5584012,7.5
5585810,13:30:56,7.5,4700,10500,10000,B,5585377,7.5,5585809,7.51
5587078,13:30:59,7.51,5300,5300,10000,S,5587077,7.51,5585809,7.51
5595113,13:31:19,7.5,3800,5300,3800,S,5595112,7.5,5592084,7.5
5600060,13:31:33,7.5,1500,5300,1500,B,5595112,7.5,5600059,7.5
5617174,13:32:20,7.5,1000,1000,1000,B,5611243,7.5,5617173,7.5
5628829,13:32:53,7.5,10600,10600,26600,S,5628828,7.5,5628006,7.5
5630454,13:32:58,7.5,9700,9700,26600,S,5630453,7.5,5628006,7.5
5632240,13:33:03,7.5,6300,6300,26600,S,5632239,7.5,5628006,7.5
5643724,13:33:35,7.5,5000,18000,5000,B,5635253,7.5,5643723,7.5
5645878,13:33:41,7.5,12000,18000,12000,B,5635253,7.5,5645877,7.5
5646504,13:33:43,7.5,200,18000,200,B,5635253,7.5,5646503,7.5
5647105,13:33:45,7.5,800,18000,74900,B,5635253,7.5,5647104,7.5
5650034,13:33:53,7.5,9900,9900,74900,S,5650033,7.5,5647104,7.5
5651667,13:33:58,7.5,9100,9100,74900,S,5651666,7.5,5647104,7.5
5653396,13:34:03,7.5,10300,10300,74900,S,5653395,7.5,5647104,7.5
5653915,13:34:04,7.5,200,200,74900,S,5653914,7.5,5647104,7.5
5655445,13:34:08,7.5,9600,9600,74900,S,5655444,7.5,5647104,7.5
5657301,13:34:13,7.5,10800,10800,74900,S,5657300,7.5,5647104,7.5
5659251,13:34:18,7.5,10200,10200,74900,S,5659250,7.5,5647104,7.5
5661139,13:34:23,7.5,9400,9400,74900,S,5661138,7.5,5647104,7.5
5663038,13:34:28,7.5,4600,4600,74900,S,5663037,7.5,5647104,7.5
5677529,13:35:06,7.49,4100,10000,8700,S,5677528,7.49,5527765,7.49
5677530,13:35:06,7.49,100,10000,100,S,5677528,7.49,5558556,7.49
5677531,13:35:06,7.49,5800,10000,10000,S,5677528,7.49,5559051,7.49
5703291,13:36:19,7.49,200,200,10000,S,5703290,7.49,5559051,7.49
5714541,13:36:46,7.49,200,200,10000,S,5714540,7.49,5559051,7.49
5738227,13:37:35,7.49,3800,5700,10000,S,5738226,7.49,5559051,7.49
5738228,13:37:35,7.49,400,5700,400,S,5738226,7.49,5559151,7.49
5738229,13:37:35,7.49,1500,5700,1500,S,5738226,7.49,5738115,7.49
5749700,13:38:03,7.5,1400,1400,16100,B,5668770,7.5,5749699,7.5
5749701,13:38:03,7.5,14700,20000,16100,B,5674335,7.5,5749699,7.5
5810376,13:40:51,7.5,300,20000,300,B,5674335,7.5,5810375,7.5
5819087,13:41:17,7.5,1000,20000,1000,B,5674335,7.5,5819086,7.5
5834742,13:42:07,7.49,700,10000,700,S,5834741,7.49,5763071,7.49
5834743,13:42:07,7.49,200,10000,200,S,5834741,7.49,5769006,7.49
5834744,13:42:07,7.49,2800,10000,2800,S,5834741,7.49,5800918,7.49
5866733,13:43:38,7.49,100,10000,100,B,5834741,7.49,5866732,7.49
5875245,13:44:00,7.48,200,200,600,S,5875244,7.48,5398284,7.48
5890037,13:44:44,7.49,6200,10000,13300,B,5834741,7.49,5890036,7.49
5890038,13:44:44,7.49,2200,2200,13300,B,5851257,7.49,5890036,7.49
5923338,13:46:21,7.5,4000,20000,4400,B,5674335,7.5,5923337,7.5
5923339,13:46:21,7.5,400,2000,4400,B,5683883,7.5,5923337,7.5
5924906,13:46:26,7.5,1600,2000,10000,B,5683883,7.5,5924905,7.5
5924907,13:46:26,7.5,8400,10000,10000,B,5904703,7.5,5924905,7.5
5928008,13:46:35,7.5,100,10000,100,B,5904703,7.5,5928007,7.5
5928649,13:46:36,7.5,800,10000,800,B,5904703,7.5,5928648,7.5
5932090,13:46:46,7.5,700,10000,10000,B,5904703,7.5,5932089,7.5
5933244,13:46:50,7.5,9300,9300,10000,S,5933243,7.5,5932089,7.5
5944582,13:47:20,7.5,5000,5000,5000,S,5944581,7.5,5942486,7.5
5953787,13:47:45,7.5,200,200,200,S,5953786,7.5,5951865,7.5
5983418,13:49:09,7.5,1500,1500,10000,B,5963587,7.5,5983417,7.5
5983419,13:49:09,7.5,8500,50000,10000,B,5981908,7.5,5983417,7.5
5987847,13:49:21,7.49,200,200,13300,S,5987846,7.49,5890036,7.49
6007263,13:50:18,7.5,20000,50000,20000,B,5981908,7.5,6007262,7.5
6010529,13:50:28,7.5,4000,50000,4000,B,5981908,7.5,6010528,7.5
6017519,13:50:49,7.49,100,100,13300,S,6017518,7.49,5890036,7.49
6029558,13:51:24,7.5,600,50000,600,B,5981908,7.5,6029557,7.5
6038435,13:51:49,7.49,200,200,13300,S,6038434,7.49,5890036,7.49
6071562,13:53:21,7.5,500,50000,500,B,5981908,7.5,6071561,7.5
6083522,13:53:55,7.5,600,50000,600,B,5981908,7.5,6083521,7.5
6087515,13:54:05,7.49,400,400,13300,S,6087514,7.49,5890036,7.49
6097621,13:54:34,7.49,10,10,13300,S,6097620,7.49,5890036,7.49
6103158,13:54:51,7.5,10000,50000,10000,B,5981908,7.5,6103157,7.5
6104458,13:54:54,7.5,5800,50000,30000,B,5981908,7.5,6104457,7.5
6104459,13:54:54,7.5,5000,5000,30000,B,6074066,7.5,6104457,7.5
6106716,13:55:01,7.5,9400,9400,30000,S,6106715,7.5,6104457,7.5
6108686,13:55:06,7.5,9800,10700,30000,S,6108685,7.5,6104457,7.5
6110603,13:55:12,7.5,900,10700,10000,B,6108685,7.5,6110602,7.5
6111940,13:55:16,7.5,9100,9200,10000,S,6111939,7.5,6110602,7.5
6116023,13:55:28,7.5,100,9200,4000,B,6111939,7.5,6116022,7.5
6117255,13:55:32,7.5,3900,50000,4000,S,6117254,7.5,6116022,7.5
6125802,13:55:57,7.5,100,50000,100,B,6117254,7.5,6125801,7.5
6129288,13:56:06,7.49,3990,20000,13300,S,6129287,7.49,5890036,7.49
6129289,13:56:06,7.49,2600,20000,2600,S,6129287,7.49,5922494,7.49
6129290,13:56:06,7.49,1000,20000,1000,S,6129287,7.49,5948998,7.49
6129291,13:56:06,7.49,1300,20000,1300,S,6129287,7.49,5958443,7.49
6129292,13:56:06,7.49,2000,20000,2000,S,6129287,7.49,5998937,7.49
6129293,13:56:06,7.49,9110,20000,10000,S,6129287,7.49,6013186,7.49
6151822,13:57:06,7.49,890,1000,10000,S,6151821,7.49,6013186,7.49
6151823,13:57:06,7.49,110,1000,400,S,6151821,7.49,6055659,7.49
6155484,13:57:16,7.5,46000,50000,50000,B,6117254,7.5,6155483,7.5
6157421,13:57:21,7.5,4000,11000,50000,S,6157420,7.5,6155483,7.5
6157841,13:57:22,7.5,7000,11000,7000,B,6157420,7.5,6157840,7.5
6165289,13:57:43,7.5,100,100,1000,S,6165288,7.5,6163733,7.5
6166873,13:57:47,7.5,900,9300,1000,S,6166872,7.5,6163733,7.5
6166874,13:57:47,7.5,400,9300,400,S,6166872,7.5,6163832,7.5
6166875,13:57:47,7.5,1400,9300,1400,S,6166872,7.5,6164032,7.5
6172208,13:58:00,7.5,6000,9300,6000,B,6166872,7.5,6172207,7.5
6172790,13:58:01,7.5,600,9300,20000,B,6166872,7.5,6172789,7.5
6174752,13:58:07,7.5,9200,9200,20000,S,6174751,7.5,6172789,7.5
6176474,13:58:11,7.5,9500,9500,20000,S,6176473,7.5,6172789,7.5
6178537,13:58:16,7.5,700,10800,20000,S,6178536,7.5,6172789,7.5
6180401,13:58:21,7.5,10100,10800,20000,B,6178536,7.5,6180400,7.5
6180402,13:58:21,7.5,300,300,20000,B,6179469,7.5,6180400,7.5
6182257,13:58:27,7.5,9300,9300,20000,S,6182256,7.5,6180400,7.5
6183958,13:58:32,7.5,300,10600,20000,S,6183957,7.5,6180400,7.5
6188957,13:58:46,7.5,10300,10600,20000,B,6183957,7.5,6188956,7.5
6190984,13:58:52,7.5,9600,9600,20000,S,6190983,7.5,6188956,7.5
6191954,13:58:54,7.5,100,9600,20000,S,6191953,7.49,6188956,7.5
6191955,13:58:54,7.49,290,9600,400,S,6191953,7.49,6055659,7.49
6191956,13:58:54,7.49,200,9600,200,S,6191953,7.49,6093124,7.49
6191957,13:58:54,7.49,9010,9600,10000,S,6191953,7.49,6137908,7.49
6197107,13:59:07,7.5,800,3300,800,B,6192932,7.5,6197106,7.5
6197808,13:59:08,7.5,2000,3300,2000,B,6192932,7.5,6197807,7.5
6198751,13:59:11,7.5,500,3300,500,B,6192932,7.5,6198750,7.5
6202100,13:59:19,7.49,200,200,10000,S,6202099,7.49,6137908,7.49
6226516,14:00:22,7.5,10000,10000,10000,S,6226515,7.5,6224325,7.5
6249927,14:01:23,7.5,1000,10300,1000,S,6249926,7.5,6248303,7.5
6249928,14:01:23,7.5,9300,10300,20000,S,6249926,7.5,6249191,7.5
6251650,14:01:28,7.5,9600,9600,20000,S,6251649,7.5,6249191,7.5
6253385,14:01:33,7.5,1100,1100,20000,S,6253384,7.5,6249191,7.5
6280215,14:02:46,7.49,200,200,10000,S,6280214,7.49,6137908,7.49
6292769,14:03:16,7.5,500,500,500,S,6292768,7.5,6289667,7.5
6340441,14:05:22,7.5,2000,50000,2000,B,6327287,7.5,6340440,7.5
6346521,14:05:38,7.5,48000,50000,100000,B,6327287,7.5,6346520,7.5
6346522,14:05:38,7.5,3500,3500,100000,B,6346164,7.5,6346520,7.5
6347976,14:05:42,7.5,10800,10800,100000,S,6347975,7.5,6346520,7.5
6349866,14:05:47,7.5,10000,10000,100000,S,6349865,7.5,6346520,7.5
6351751,14:05:52,7.5,9300,9300,100000,S,6351750,7.5,6346520,7.5
6353633,14:05:57,7.5,10700,10700,100000,S,6353632,7.5,6346520,7.5
6355811,14:06:02,7.5,7700,7700,100000,S,6355810,7.5,6346520,7.5
6362906,14:06:21,7.5,5000,5000,6600,B,6356245,7.5,6362905,7.5
6364062,14:06:24,7.5,500,500,6600,S,6364061,7.5,6362905,7.5
6365091,14:06:27,7.5,1100,6600,6600,S,6365090,7.5,6362905,7.5
6365277,14:06:27,7.5,5000,6600,5000,B,6365090,7.5,6365276,7.5
6369305,14:06:40,7.5,500,6600,500,B,6365090,7.5,6369304,7.5
6373647,14:06:52,7.5,9500,9500,89800,S,6373646,7.5,6371505,7.5
6375417,14:06:57,7.51,3000,3000,5000,B,5961323,7.51,6375416,7.51
6375418,14:06:57,7.51,2000,3000,5000,B,5968237,7.51,6375416,7.51
6375839,14:06:58,7.5,9700,9700,89800,S,6375838,7.5,6371505,7.5
6377881,14:07:03,7.5,10900,10900,89800,S,6377880,7.5,6371505,7.5
6381611,14:07:13,7.5,9400,9400,89800,S,6381610,7.5,6371505,7.5
6383302,14:07:18,7.5,10700,10700,89800,S,6383301,7.5,6371505,7.5
6385122,14:07:23,7.5,10900,10900,89800,S,6385121,7.5,6371505,7.5
6385794,14:07:25,7.5,200,200,89800,S,6385793,7.5,6371505,7.5
6387046,14:07:28,7.5,9200,9200,89800,S,6387045,7.5,6371505,7.5
6388738,14:07:33,7.5,10500,10500,89800,S,6388737,7.5,6371505,7.5
6390375,14:07:38,7.5,8800,9600,89800,S,6390374,7.5,6371505,7.5
6390376,14:07:38,7.5,800,9600,800,S,6390374,7.5,6377941,7.5
6404577,14:08:16,7.51,1000,3000,1500,B,5968237,7.51,6404576,7.51
6404578,14:08:16,7.51,500,500,1500,B,6201621,7.51,6404576,7.51
6422828,14:09:03,7.5,1900,1900,1900,S,6422827,7.5,6422668,7.5
6426302,14:09:13,7.51,100,8500,100,B,6257385,7.51,6426301,7.51
6439884,14:09:47,7.5,800,800,800,S,6439883,7.5,6439636,7.5
6454883,14:10:24,7.5,1200,1200,1200,S,6454882,7.5,6454548,7.5
6456619,14:10:29,7.5,10000,10000,11500,S,6456618,7.5,6455566,7.5
6456907,14:10:29,7.5,1500,1500,11500,S,6456906,7.5,6455566,7.5
6475460,14:11:14,7.49,500,500,10000,S,6475459,7.49,6137908,7.49
6483037,14:11:31,7.5,200,200,200,S,6483036,7.5,6482604,7.5
6497229,14:12:06,7.5,1000,20000,1000,B,6488260,7.5,6497228,7.5
6556011,14:14:36,7.5,19000,20000,30000,B,6488260,7.5,6556010,7.5
6556012,14:14:36,7.5,2275,2275,30000,B,6508571,7.5,6556010,7.5
6556013,14:14:36,7.5,8725,9800,30000,B,6539564,7.5,6556010,7.5
6571894,14:15:19,7.49,90,200,10000,S,6571893,7.49,6137908,7.49
6571895,14:15:19,7.49,110,200,500,S,6571893,7.49,6138380,7.49
6574607,14:15:26,7.5,1075,9800,30000,B,6539564,7.5,6574606,7.5
6574608,14:15:26,7.5,3500,3500,30000,B,6543058,7.5,6574606,7.5
6574609,14:15:26,7.5,1000,1000,30000,B,6545625,7.5,6574606,7.5
6574610,14:15:26,7.5,100,100,30000,B,6548709,7.5,6574606,7.5
6577164,14:15:33,7.5,9200,9200,30000,S,6577163,7.5,6574606,7.5
6578365,14:15:37,7.5,990,990,30000,S,6578364,7.5,6574606,7.5
6578813,14:15:38,7.5,10500,10500,30000,S,6578812,7.5,6574606,7.5
6578935,14:15:38,7.5,3300,3300,30000,S,6578934,7.5,6574606,7.5
6580849,14:15:43,7.5,335,335,30000,S,6580848,7.5,6574606,7.5
6595813,14:16:23,7.5,10000,10000,10000,S,6595812,7.5,6593854,7.5
6599839,14:16:33,7.5,300,4000,300,S,6599838,7.5,6597842,7.5
6600164,14:16:34,7.5,3300,4000,3300,B,6599838,7.5,6600163,7.5
6600517,14:16:35,7.5,400,4000,400,B,6599838,7.5,6600516,7.5
6610597,14:17:02,7.5,700,20000,700,B,6608800,7.5,6610596,7.5
6627496,14:17:49,7.5,19300,20000,20000,B,6608800,7.5,6627495,7.5
6629045,14:17:53,7.5,700,700,20000,S,6629044,7.5,6627495,7.5
6636133,14:18:13,7.51,5000,8500,5000,B,6257385,7.51,6636132,7.51
6645421,14:18:39,7.5,4000,4000,4000,S,6645420,7.5,6644041,7.5
6657177,14:19:10,7.51,400,8500,400,B,6257385,7.51,6657176,7.51
6658588,14:19:14,7.5,500,1000,500,S,6658587,7.5,6656841,7.5
6658589,14:19:14,7.5,500,1000,20000,S,6658587,7.5,6657861,7.5
6658644,14:19:14,7.5,10900,10900,20000,S,6658643,7.5,6657861,7.5
6660849,14:19:19,7.5,8600,8600,20000,S,6660848,7.5,6657861,7.5
6662905,14:19:24,7.49,300,300,500,S,6662904,7.49,6138380,7.49
6691951,14:20:35,7.5,700,8000,700,B,6665754,7.5,6691950,7.5
6714646,14:21:28,7.5,1500,8000,1500,B,6665754,7.5,6714645,7.5
6718882,14:21:39,7.5,4700,8000,4700,B,6665754,7.5,6718881,7.5
6728008,14:22:00,7.5,300,8000,300,B,6665754,7.5,6728007,7.5
6732677,14:22:11,7.5,800,8000,20000,B,6665754,7.5,6732676,7.5
6732678,14:22:11,7.5,1000,1000,20000,B,6730289,7.5,6732676,7.5
6734474,14:22:15,7.5,9200,9200,20000,S,6734473,7.5,6732676,7.5
6736467,14:22:20,7.5,6300,6300,20000,S,6736466,7.5,6732676,7.5
6752870,14:23:00,7.51,500,8500,500,B,6257385,7.51,6752869,7.51
6752872,14:23:00,7.51,500,8500,500,B,6257385,7.51,6752871,7.51
6752874,14:23:00,7.51,500,8500,500,B,6257385,7.51,6752873,7.51
6752876,14:23:00,7.51,500,8500,500,B,6257385,7.51,6752875,7.51
6754470,14:23:03,7.51,500,8500,500,B,6257385,7.51,6754469,7.51
6754472,14:23:03,7.51,500,8500,500,B,6257385,7.51,6754471,7.51
6754700,14:23:03,7.5,2700,8800,20000,S,6754699,7.5,6732676,7.5
6754701,14:23:03,7.5,400,8800,400,S,6754699,7.5,6733303,7.5
6754702,14:23:03,7.5,1400,8800,1400,S,6754699,7.5,6736856,7.5
6754703,14:23:03,7.5,1300,8800,1300,S,6754699,7.5,6738118,7.5
6754704,14:23:03,7.5,1300,8800,1300,S,6754699,7.5,6742730,7.5
6754705,14:23:03,7.5,1000,8800,1000,S,6754699,7.5,6746002,7.5
6754706,14:23:03,7.5,500,8800,500,S,6754699,7.5,6747595,7.5
6756864,14:23:09,7.5,200,8800,200,B,6754699,7.5,6756863,7.5
6775745,14:23:54,7.5,1400,2600,1400,B,6755734,7.5,6775744,7.5
6777659,14:23:59,7.49,90,200,500,S,6777658,7.49,6138380,7.49
6777660,14:23:59,7.49,110,200,10000,S,6777658,7.49,6138905,7.49
6801152,14:24:55,7.49,2000,2000,10000,S,6801151,7.49,6138905,7.49
6802946,14:25:00,7.5,1200,2600,1200,B,6755734,7.5,6802945,7.5
6812667,14:25:24,7.49,7890,17500,10000,S,6812666,7.49,6138905,7.49
6812668,14:25:24,7.49,800,17500,800,S,6812666,7.49,6144435,7.49
6812669,14:25:24,7.49,1500,17500,1500,S,6812666,7.49,6189874,7.49
6812670,14:25:24,7.49,1000,17500,1000,S,6812666,7.49,6200744,7.49
6812671,14:25:24,7.49,5000,17500,5000,S,6812666,7.49,6200853,7.49
6812672,14:25:24,7.49,400,17500,400,S,6812666,7.49,6201638,7.49
6812673,14:25:24,7.49,400,17500,400,S,6812666,7.49,6220714,7.49
6812674,14:25:24,7.49,400,17500,400,S,6812666,7.49,6242409,7.49
6812675,14:25:24,7.49,110,17500,5000,S,6812666,7.49,6282731,7.49
6835488,14:26:18,7.49,4000,4000,5000,S,6835487,7.49,6282731,7.49
6848936,14:26:54,7.49,500,500,5000,S,6848935,7.49,6282731,7.49
6853366,14:27:04,7.49,390,27090,5000,S,6853365,7.49,6282731,7.49
6853367,14:27:04,7.49,1700,27090,1700,S,6853365,7.49,6316484,7.49
6853368,14:27:04,7.49,3000,27090,3000,S,6853365,7.49,6334154,7.49
6853369,14:27:04,7.49,2000,27090,2000,S,6853365,7.49,6351766,7.49
6853370,14:27:04,7.49,500,27090,500,S,6853365,7.49,6403468,7.49
6853371,14:27:04,7.49,500,27090,500,S,6853365,7.49,6458299,7.49
6853372,14:27:04,7.49,500,27090,500,S,6853365,7.49,6482311,7.49
6853373,14:27:04,7.49,1000,27090,1000,S,6853365,7.49,6502950,7.49
6853374,14:27:04,7.49,12200,27090,12200,S,6853365,7.49,6622100,7.49
6853375,14:27:04,7.49,2000,27090,2000,S,6853365,7.49,6782015,7.49
6853376,14:27:04,7.49,1300,27090,1300,S,6853365,7.49,6792062,7.49
6854571,14:27:07,7.49,1000,27090,1000,B,6853365,7.49,6854570,7.49
6861618,14:27:25,7.49,1000,27090,1000,B,6853365,7.49,6861617,7.49
6868927,14:27:43,7.48,100,20200,600,S,6868926,7.48,5398284,7.48
6868928,14:27:43,7.48,300,20200,300,S,6868926,7.48,5434547,7.48
6868929,14:27:43,7.48,1100,20200,1100,S,6868926,7.48,5461560,7.48
6868930,14:27:43,7.48,5000,20200,5000,S,6868926,7.48,5481165,7.48
6868931,14:27:43,7.48,200,20200,200,S,6868926,7.48,5526518,7.48
6868932,14:27:43,7.48,1000,20200,1000,S,6868926,7.48,5699783,7.48
6868933,14:27:43,7.48,700,20200,700,S,6868926,7.48,5770051,7.48
6868934,14:27:43,7.48,4800,20200,4800,S,6868926,7.48,5868727,7.48
6868935,14:27:43,7.48,2000,20200,2000,S,6868926,7.48,6001520,7.48
6868936,14:27:43,7.48,5000,20200,5000,S,6868926,7.48,6260428,7.48
6889196,14:28:32,7.48,200,8010,200,S,6889195,7.47,6886218,7.48
6889197,14:28:32,7.47,7810,8010,10000,S,6889195,7.47,5335297,7.47
6895958,14:28:50,7.47,2190,7200,10000,S,6895957,7.47,5335297,7.47
6895959,14:28:50,7.47,100,7200,100,S,6895957,7.47,5348334,7.47
6895960,14:28:50,7.47,4910,7200,4910,S,6895957,7.47,5380633,7.47
6903761,14:29:09,7.49,300,26900,300,S,6903760,7.49,6900911,7.49
6909003,14:29:20,7.49,300,26900,300,B,6903760,7.49,6909002,7.49
6971619,14:31:45,7.49,26300,26900,50000,B,6903760,7.49,6971618,7.49
6998785,14:32:45,7.49,10000,10000,50000,S,6998784,7.49,6971618,7.49
7000025,14:32:48,7.5,1000,21321,1000,B,6761167,7.5,7000024,7.5
7000304,14:32:49,7.49,1000,1000,50000,S,7000303,7.49,6971618,7.49
7039986,14:34:20,7.5,100,21321,100,B,6761167,7.5,7039985,7.5
7055062,14:34:55,7.5,1000,21321,1000,B,6761167,7.5,7055061,7.5
7076193,14:35:42,7.49,12700,13400,50000,S,7076192,7.49,6971618,7.49
7076194,14:35:42,7.49,700,13400,1000,S,7076192,7.49,6979318,7.49
7098977,14:36:31,7.49,300,2000,1000,S,7098976,7.49,6979318,7.49
7098978,14:36:31,7.49,700,2000,700,S,7098976,7.49,6986564,7.49
7098979,14:36:31,7.49,1000,2000,1800,S,7098976,7.49,7030315,7.49
7100399,14:36:34,7.49,400,400,1800,S,7100398,7.49,7030315,7.49
7102937,14:36:40,7.5,19221,21321,20000,B,6761167,7.5,7102936,7.5
7102938,14:36:40,7.5,779,2100,20000,B,6764085,7.5,7102936,7.5
7161605,14:38:42,7.5,100,2100,100,B,6764085,7.5,7161604,7.5
7164565,14:38:48,7.49,200,200,1800,S,7164564,7.49,7030315,7.49
7170075,14:38:58,7.49,200,3000,1800,S,7170074,7.49,7030315,7.49
7177267,14:39:10,7.49,800,3000,800,B,7170074,7.49,7177266,7.49
7193667,14:39:40,7.49,2000,3000,4800,B,7170074,7.49,7193666,7.49
7195031,14:39:42,7.49,2800,2800,4800,S,7195030,7.49,7193666,7.49
7206187,14:40:01,7.5,1221,2100,20000,B,6764085,7.5,7206186,7.5
7206188,14:40:01,7.5,260,260,20000,B,6789339,7.5,7206186,7.5
7206189,14:40:01,7.5,200,200,20000,B,7135975,7.5,7206186,7.5
7206190,14:40:01,7.5,2000,2000,20000,B,7186225,7.5,7206186,7.5
7215194,14:40:17,7.5,9500,9500,20000,S,7215193,7.5,7206186,7.5
7218089,14:40:22,7.5,2000,2000,20000,S,7218088,7.5,7206186,7.5
7256754,14:41:27,7.51,300,300,12100,B,6404388,7.51,7256753,7.51
7256755,14:41:27,7.51,10000,10000,12100,B,6666739,7.51,7256753,7.51
7256756,14:41:27,7.51,1800,4800,12100,B,7082002,7.51,7256753,7.51
7262587,14:41:37,7.51,3000,4800,11000,B,7082002,7.51,7262586,7.51
7270580,14:41:50,7.51,1500,1500,11000,S,7270579,7.51,7262586,7.51
7272721,14:41:54,7.52,700,15000,700,B,4972700,7.52,7272720,7.52
7281391,14:42:08,7.51,5000,5000,11000,S,7281390,7.51,7262586,7.51
7295050,14:42:31,7.51,600,600,11000,S,7295049,7.51,7262586,7.51
7319623,14:43:11,7.51,100,100,11000,S,7319622,7.51,7262586,7.51
7347052,14:43:54,7.51,800,1000,11000,S,7347051,7.51,7262586,7.51
7347053,14:43:54,7.51,200,1000,2700,S,7347051,7.51,7289153,7.51
7369755,14:44:28,7.51,800,800,2700,S,7369754,7.51,7289153,7.51
7379129,14:44:43,7.51,1700,2700,2700,S,7379128,7.51,7289153,7.51
7379130,14:44:43,7.51,500,2700,500,S,7379128,7.51,7367684,7.51
7397274,14:45:11,7.51,200,2700,200,B,7379128,7.51,7397273,7.51
7397628,14:45:12,7.51,300,2700,300,B,7379128,7.51,7397627,7.51
7467854,14:47:01,7.52,14300,15000,17400,B,4972700,7.52,7467853,7.52
7467855,14:47:01,7.52,3100,3700,17400,B,7324320,7.52,7467853,7.52
7562067,14:49:25,7.52,600,3700,2000,B,7324320,7.52,7562066,7.52
7562068,14:49:25,7.52,300,300,2000,B,7433085,7.52,7562066,7.52
7562069,14:49:25,7.52,1100,2200,2000,B,7507365,7.52,7562066,7.52
7594458,14:50:13,7.51,3300,5400,3300,S,7594457,7.51,7469383,7.51
7594459,14:50:13,7.51,1000,5400,1000,S,7594457,7.51,7564971,7.51
7615238,14:50:42,7.51,100,5400,100,B,7594457,7.51,7615237,7.51
7618901,14:50:48,7.5,4700,4700,20000,S,7618900,7.5,7206186,7.5
7624669,14:50:56,7.51,1000,5400,1000,B,7594457,7.51,7624668,7.51
7634910,14:51:10,7.5,119,200,20000,S,7634909,7.5,7206186,7.5
7634911,14:51:10,7.5,81,200,1000,S,7634909,7.5,7234965,7.5
7657515,14:51:43,7.5,200,200,1000,S,7657514,7.5,7234965,7.5
7729660,14:53:25,7.5,719,7900,1000,S,7729659,7.5,7234965,7.5
7729661,14:53:25,7.5,7181,7900,7381,S,7729659,7.5,7482990,7.5
7799448,14:54:52,7.5,200,200,7381,S,7799447,7.5,7482990,7.5
7805391,14:55:00,7.51,200,200,4000,B,7643302,7.51,7805390,7.51
7805392,14:55:00,7.51,3800,6000,4000,B,7711975,7.51,7805390,7.51
7805951,14:55:01,7.51,2200,6000,6700,B,7711975,7.51,7805950,7.51
7821952,14:55:20,7.51,4500,7000,6700,S,7821951,7.51,7805950,7.51
7821953,14:55:20,7.51,2500,7000,2500,S,7821951,7.51,7811023,7.51
7858555,14:56:04,7.52,1100,2200,3100,B,7507365,7.52,7858554,7.52
7858556,14:56:04,7.52,2000,2000,3100,B,7534968,7.52,7858554,7.52
7879350,14:56:28,7.53,900,1000,900,B,7720611,7.53,7879349,7.53
7905865,14:56:58,7.53,100,1000,10000,B,7720611,7.53,7905864,7.53
7905866,14:56:58,7.53,2000,2000,10000,B,7824511,7.53,7905864,7.53
7905867,14:56:58,7.53,2000,2000,10000,B,7879511,7.53,7905864,7.53
7905868,14:56:58,7.53,5900,15000,10000,B,7902908,7.53,7905864,7.53
7960666,15:00:00,7.53,2800,2800,10700,S,7927140,7.53,7919440,7.53
7960667,15:00:00,7.53,300,300,10700,S,7924136,7.53,7919440,7.53
7960668,15:00:00,7.53,7600,15000,10700,B,7902908,7.53,7919440,7.53
7960669,15:00:00,7.53,1500,15000,7900,B,7902908,7.53,7907174,7.53
7960670,15:00:00,7.53,2000,2000,7900,S,7920623,7.53,7907174,7.53
7960671,15:00:00,7.53,2000,2000,7900,S,7922009,7.53,7907174,7.53
7960672,15:00:00,7.53,500,500,7900,S,7923660,7.53,7907174,7.53
7960673,15:00:00,7.53,1900,5000,7900,S,7926092,7.53,7907174,7.53
7960674,15:00:00,7.53,500,5000,500,S,7926092,7.53,7908308,7.53
7960675,15:00:00,7.53,2400,5000,2400,S,7926092,7.53,7909985,7.53
7960676,15:00:00,7.53,200,5000,4200,S,7926092,7.53,7911253,7.53
7960677,15:00:00,7.53,4000,5200,4200,S,7928133,7.53,7911253,7.53
7960678,15:00:00,7.53,1200,5200,4500,S,7928133,7.53,7914208,7.53
7960679,15:00:00,7.53,3300,6800,4500,S,7930521,7.53,7914208,7.53
7960680,15:00:00,7.53,2400,6800,2400,S,7930521,7.53,7916766,7.53
7960681,15:00:00,7.53,200,6800,200,S,7930521,7.53,7925723,7.53
7960682,15:00:00,7.53,500,6800,500,B,7930521,7.53,7940451,7.53
7960683,15:00:00,7.53,400,6800,400,B,7930521,7.53,7942100,7.53
